DATE,DEXJPUS,DJIA
2010-06-18,90.7900,10450.64
2010-06-21,91.1800,10442.41
2010-06-22,90.5900,10293.52
2010-06-23,89.8200,10298.44
2010-06-24,89.4000,10152.80
2010-06-25,89.3500,10143.81
2010-06-28,89.2300,10138.52
2010-06-29,88.3900,9870.30
2010-06-30,88.4900,9774.02
2010-07-01,87.4200,9732.53
2010-07-02,87.6900,9686.48
2010-07-05,.,.
2010-07-06,87.5500,9743.62
2010-07-07,87.1600,10018.28
2010-07-08,88.4400,10138.99
2010-07-09,88.4800,10198.03
2010-07-12,88.5300,10216.27
2010-07-13,88.2400,10363.02
2010-07-14,88.5900,10366.72
2010-07-15,87.4100,10359.31
2010-07-16,86.4000,10097.90
2010-07-19,86.7700,10154.43
2010-07-20,87.2200,10229.96
2010-07-21,87.3000,10120.53
2010-07-22,87.0000,10322.30
2010-07-23,87.3100,10424.62
2010-07-26,87.2000,10525.43
2010-07-27,87.8800,10537.69
2010-07-28,87.6200,10497.88
2010-07-29,86.8700,10467.16
2010-07-30,86.4300,10465.94
2010-08-02,86.4200,10674.38
2010-08-03,85.8800,10636.38
2010-08-04,86.2600,10680.43
2010-08-05,85.8300,10674.98
2010-08-06,85.2500,10653.56
2010-08-09,85.8800,10698.75
2010-08-10,85.8800,10644.25
2010-08-11,85.3600,10378.83
2010-08-12,85.8300,10319.95
2010-08-13,86.2000,10303.15
2010-08-16,85.3300,10302.01
2010-08-17,85.5100,10405.85
2010-08-18,85.3100,10415.54
2010-08-19,85.2700,10271.21
2010-08-20,85.6300,10213.62
2010-08-23,85.1600,10174.41
2010-08-24,84.1600,10040.45
2010-08-25,84.5600,10060.06
2010-08-26,84.6100,9985.81
2010-08-27,85.1000,10150.65
2010-08-30,84.6700,10009.73
2010-08-31,84.1000,10014.72
2010-09-01,84.4800,10269.47
2010-09-02,84.1500,10320.10
2010-09-03,84.4500,10447.93
2010-09-06,.,.
2010-09-07,83.7500,10340.69
2010-09-08,83.8500,10387.01
2010-09-09,83.8300,10415.24
2010-09-10,84.1300,10462.77
2010-09-13,83.5300,10544.13
2010-09-14,83.0500,10526.49
2010-09-15,85.6300,10572.73
2010-09-16,85.7200,10594.83
2010-09-17,85.7700,10607.85
2010-09-20,85.7400,10753.62
2010-09-21,85.3600,10761.03
2010-09-22,84.3700,10739.31
2010-09-23,84.3200,10662.42
2010-09-24,84.2400,10860.26
2010-09-27,84.1700,10812.04
2010-09-28,83.8200,10858.14
2010-09-29,83.6100,10835.28
2010-09-30,83.5300,10788.05
2010-10-01,83.3000,10829.68
2010-10-04,83.3300,10751.27
2010-10-05,83.1700,10944.72
2010-10-06,82.8000,10967.65
2010-10-07,82.3500,10948.58
2010-10-08,81.8600,11006.48
2010-10-11,.,11010.34
2010-10-12,81.7400,11020.40
2010-10-13,81.8100,11096.08
2010-10-14,81.4400,11094.57
2010-10-15,81.3200,11062.78
2010-10-18,81.1600,11143.69
2010-10-19,81.6000,10978.62
2010-10-20,81.1400,11107.97
2010-10-21,81.1600,11146.57
2010-10-22,81.4800,11132.56
2010-10-25,80.6100,11164.05
2010-10-26,81.2800,11169.46
2010-10-27,81.5500,11126.28
2010-10-28,80.9900,11113.95
2010-10-29,80.4800,11118.49
2010-11-01,80.6600,11124.62
2010-11-02,80.8000,11188.72
2010-11-03,81.4100,11215.13
2010-11-04,80.6100,11434.84
2010-11-05,81.3500,11444.08
2010-11-08,81.1400,11406.84
2010-11-09,81.1500,11346.75
2010-11-10,82.5300,11357.04
2010-11-11,.,11283.10
2010-11-12,82.4400,11192.58
2010-11-15,82.9000,11201.97
2010-11-16,83.4100,11023.50
2010-11-17,83.1500,11007.88
2010-11-18,83.6400,11181.23
2010-11-19,83.4900,11203.55
2010-11-22,83.4600,11178.58
2010-11-23,82.8600,11036.37
2010-11-24,83.3800,11187.28
2010-11-25,.,.
2010-11-26,84.0800,11092.00
2010-11-29,84.3400,11052.49
2010-11-30,83.5600,11006.02
2010-12-01,84.0000,11255.78
2010-12-02,83.5300,11362.41
2010-12-03,82.7300,11382.09
2010-12-06,82.7000,11362.19
2010-12-07,83.0400,11359.16
2010-12-08,84.1600,11372.48
2010-12-09,83.8500,11370.06
2010-12-10,83.8700,11410.32
2010-12-13,83.5700,11428.56
2010-12-14,83.5200,11476.54
2010-12-15,84.0400,11457.47
2010-12-16,84.2300,11499.25
2010-12-17,84.1500,11491.91
2010-12-20,83.7200,11478.13
2010-12-21,83.7600,11533.16
2010-12-22,83.5600,11559.49
2010-12-23,82.9700,11573.49
2010-12-24,.,.
2010-12-27,82.9100,11555.03
2010-12-28,82.2100,11575.54
2010-12-29,81.9000,11585.38
2010-12-30,81.6700,11569.71
2010-12-31,.,11577.51
2011-01-03,81.5600,11670.75
2011-01-04,81.9600,11691.18
2011-01-05,83.2200,11722.89
2011-01-06,83.1500,11697.31
2011-01-07,83.0400,11674.76
2011-01-10,82.7800,11637.45
2011-01-11,83.3600,11671.88
2011-01-12,83.2900,11755.44
2011-01-13,82.7200,11731.90
2011-01-14,82.9900,11787.38
2011-01-17,.,.
2011-01-18,82.6600,11837.93
2011-01-19,82.0300,11825.29
2011-01-20,83.0200,11822.80
2011-01-21,82.6300,11871.84
2011-01-24,82.4400,11980.52
2011-01-25,82.3500,11977.19
2011-01-26,82.2700,11985.44
2011-01-27,83.0300,11989.83
2011-01-28,82.0300,11823.70
2011-01-31,81.9700,11891.93
2011-02-01,81.4800,12040.16
2011-02-02,81.8200,12041.97
2011-02-03,81.4800,12062.26
2011-02-04,81.9900,12092.15
2011-02-07,82.4000,12161.63
2011-02-08,81.9200,12233.15
2011-02-09,82.4700,12239.89
2011-02-10,83.1100,12229.29
2011-02-11,83.5200,12273.26
2011-02-14,83.3200,12268.19
2011-02-15,83.7900,12226.64
2011-02-16,83.7300,12288.17
2011-02-17,83.2500,12318.14
2011-02-18,83.2200,12391.25
2011-02-21,.,.
2011-02-22,82.9400,12212.79
2011-02-23,82.3900,12105.78
2011-02-24,81.6700,12068.50
2011-02-25,81.7600,12130.45
2011-02-28,81.9400,12226.34
2011-03-01,81.8600,12058.02
2011-03-02,81.6200,12066.80
2011-03-03,82.4100,12258.20
2011-03-04,82.3500,12169.88
2011-03-07,82.1200,12090.03
2011-03-08,82.6900,12214.38
2011-03-09,82.7800,12213.09
2011-03-10,82.9800,11984.61
2011-03-11,81.7700,12044.40
2011-03-14,81.6500,11993.16
2011-03-15,80.8200,11855.42
2011-03-16,80.1700,11613.30
2011-03-17,78.7400,11774.59
2011-03-18,81.1400,11858.52
2011-03-21,81.1100,12036.53
2011-03-22,81.0000,12018.63
2011-03-23,80.9400,12086.02
2011-03-24,80.8200,12170.56
2011-03-25,81.1200,12220.59
2011-03-28,81.6700,12197.88
2011-03-29,82.3800,12279.01
2011-03-30,82.9800,12350.61
2011-03-31,82.7600,12319.73
2011-04-01,84.0500,12376.72
2011-04-04,83.9800,12400.03
2011-04-05,84.6500,12393.90
2011-04-06,85.2600,12426.75
2011-04-07,84.9800,12409.49
2011-04-08,84.9900,12380.05
2011-04-11,84.5800,12381.11
2011-04-12,83.7900,12263.58
2011-04-13,83.5900,12270.99
2011-04-14,83.2300,12285.15
2011-04-15,83.1300,12341.83
2011-04-18,82.4300,12201.59
2011-04-19,82.4100,12266.75
2011-04-20,82.5800,12453.54
2011-04-21,81.8100,12505.99
2011-04-22,81.9200,.
2011-04-25,81.9300,12479.88
2011-04-26,81.9300,12595.37
2011-04-27,82.6000,12690.96
2011-04-28,81.5700,12763.31
2011-04-29,81.3100,12810.54
2011-05-02,81.2300,12807.36
2011-05-03,81.0200,12807.51
2011-05-04,80.6900,12723.58
2011-05-05,80.1200,12584.17
2011-05-06,80.5100,12638.74
2011-05-09,80.6600,12684.68
2011-05-10,80.7500,12760.36
2011-05-11,80.7800,12630.03
2011-05-12,80.7500,12695.92
2011-05-13,80.7600,12595.75
2011-05-16,80.8200,12548.37
2011-05-17,81.3900,12479.58
2011-05-18,81.3700,12560.18
2011-05-19,81.7800,12605.32
2011-05-20,81.6400,12512.04
2011-05-23,81.8100,12381.26
2011-05-24,82.1200,12356.21
2011-05-25,81.9600,12394.66
2011-05-26,81.4400,12402.76
2011-05-27,80.7500,12441.58
2011-05-30,.,.
2011-05-31,81.2900,12569.79
2011-06-01,80.8200,12290.14
2011-06-02,80.9800,12248.55
2011-06-03,80.3800,12151.26
2011-06-06,80.1900,12089.96
2011-06-07,80.2100,12070.81
2011-06-08,79.8700,12048.94
2011-06-09,80.0700,12124.36
2011-06-10,80.2600,11951.91
2011-06-13,80.1600,11952.97
2011-06-14,80.5000,12076.11
2011-06-15,80.7100,11897.27
2011-06-16,80.7000,11961.52
2011-06-17,80.1000,12004.36
2011-06-20,80.2600,12080.38
2011-06-21,80.1500,12190.01
2011-06-22,80.0600,12109.67
2011-06-23,80.4500,12050.00
2011-06-24,80.3200,11934.58
2011-06-27,80.8900,12043.56
2011-06-28,80.8500,12188.69
2011-06-29,80.8000,12261.42
2011-06-30,80.6400,12414.34
2011-07-01,80.8100,12582.77
2011-07-04,.,.
2011-07-05,81.1400,12569.87
2011-07-06,80.9000,12626.02
2011-07-07,81.2600,12719.49
2011-07-08,80.6400,12657.20
2011-07-11,80.3700,12505.76
2011-07-12,79.5300,12446.88
2011-07-13,78.9900,12491.61
2011-07-14,79.1100,12437.12
2011-07-15,79.0300,12479.73
2011-07-18,79.1000,12385.16
2011-07-19,78.9100,12587.42
2011-07-20,78.7600,12571.91
2011-07-21,78.4700,12724.41
2011-07-22,78.4400,12681.16
2011-07-25,78.3100,12592.80
2011-07-26,78.0400,12501.30
2011-07-27,77.9900,12302.55
2011-07-28,77.8700,12240.11
2011-07-29,77.1800,12143.24
2011-08-01,76.8700,12132.49
2011-08-02,77.1300,11866.62
2011-08-03,76.8700,11896.44
2011-08-04,79.0100,11383.68
2011-08-05,78.4800,11444.61
2011-08-08,77.5300,10809.85
2011-08-09,77.1600,11239.77
2011-08-10,76.4100,10719.94
2011-08-11,76.6800,11143.31
2011-08-12,76.7900,11269.02
2011-08-15,76.7300,11482.90
2011-08-16,76.7600,11405.93
2011-08-17,76.4600,11410.21
2011-08-18,76.5200,10990.58
2011-08-19,76.4600,10817.65
2011-08-22,76.7700,10854.65
2011-08-23,76.5900,11176.76
2011-08-24,76.7800,11320.71
2011-08-25,77.3800,11149.82
2011-08-26,76.6200,11284.54
2011-08-29,76.9600,11539.25
2011-08-30,76.7500,11559.95
2011-08-31,76.5000,11613.53
2011-09-01,76.8100,11493.57
2011-09-02,76.7900,11240.26
2011-09-05,.,.
2011-09-06,77.4800,11139.30
2011-09-07,77.3900,11414.86
2011-09-08,77.4300,11295.81
2011-09-09,77.3100,10992.13
2011-09-12,77.1500,11061.12
2011-09-13,76.8800,11105.85
2011-09-14,76.7100,11246.73
2011-09-15,76.7000,11433.18
2011-09-16,76.8900,11509.09
2011-09-19,76.4800,11401.01
2011-09-20,76.5200,11408.66
2011-09-21,76.3800,11124.84
2011-09-22,76.3100,10733.83
2011-09-23,76.3000,10771.48
2011-09-26,76.3500,11043.86
2011-09-27,76.6000,11190.69
2011-09-28,76.51,11010.90
2011-09-29,76.6800,11153.98
2011-09-30,77.0400,10913.38
2011-10-03,76.6600,10655.30
2011-10-04,76.8600,10808.71
2011-10-05,76.8600,10939.95
2011-10-06,76.6400,11123.33
2011-10-07,76.7700,11103.12
2011-10-10,.,11433.18
2011-10-11,76.6600,11416.30
2011-10-12,77.3000,11518.85
2011-10-13,76.8800,11478.13
2011-10-14,77.3600,11644.49
2011-10-17,76.8000,11397.00
2011-10-18,76.7500,11577.05
2011-10-19,76.7900,11504.62
2011-10-20,76.9100,11541.78
2011-10-21,76.1000,11808.79
2011-10-24,76.1000,11913.62
2011-10-25,75.8800,11706.62
2011-10-26,76.0500,11869.04
2011-10-27,75.8000,12208.55
2011-10-28,75.7200,12231.11
2011-10-31,77.9700,11955.01
2011-11-01,78.2800,11657.96
2011-11-02,78.0400,11836.04
2011-11-03,77.9600,12044.47
2011-11-04,78.1700,11983.24
2011-11-07,78.0600,12068.39
2011-11-08,77.7900,12170.18
2011-11-09,77.7700,11780.94
2011-11-10,77.5800,11893.79
2011-11-11,.,12153.68
2011-11-14,77.0200,12078.98
2011-11-15,76.9900,12096.16
2011-11-16,77.0200,11905.59
2011-11-17,76.9800,11770.73
2011-11-18,76.9300,11796.16
2011-11-21,76.9700,11547.31
2011-11-22,77.0700,11493.72
2011-11-23,77.4100,11257.55
2011-11-24,.,.
2011-11-25,77.6600,11231.78
2011-11-28,78.0500,11523.01
2011-11-29,77.8600,11555.63
2011-11-30,77.5800,12045.68
2011-12-01,77.6000,12020.03
2011-12-02,77.8800,12019.42
2011-12-05,77.7700,12097.83
2011-12-06,77.7300,12150.13
2011-12-07,77.6900,12196.37
2011-12-08,77.6700,11997.70
2011-12-09,77.5800,12184.26
2011-12-12,77.8700,12021.39
2011-12-13,77.8600,11954.94
2011-12-14,78.0800,11823.48
2011-12-15,77.8700,11868.81
2011-12-16,77.6500,11866.39
2011-12-19,77.9600,11766.26
2011-12-20,77.7600,12103.58
2011-12-21,78.0000,12107.74
2011-12-22,78.1300,12169.65
2011-12-23,78.1300,12294.00
2011-12-26,.,.
2011-12-27,77.8300,12291.35
2011-12-28,77.9800,12151.41
2011-12-29,77.7100,12287.04
2011-12-30,76.9800,12217.56
2012-01-02,.,.
2012-01-03,76.6700,12397.38
2012-01-04,76.6800,12418.42
2012-01-05,77.1800,12415.70
2012-01-06,77.0600,12359.92
2012-01-09,76.8800,12392.69
2012-01-10,76.8400,12462.47
2012-01-11,76.9000,12449.45
2012-01-12,76.7600,12471.02
2012-01-13,76.9000,12422.06
2012-01-16,.,.
2012-01-17,76.8000,12482.07
2012-01-18,76.8100,12578.95
2012-01-19,77.2300,12623.98
2012-01-20,76.9700,12720.48
2012-01-23,76.9200,12708.82
2012-01-24,77.7800,12675.75
2012-01-25,78.1300,12756.96
2012-01-26,77.4700,12734.63
2012-01-27,76.6800,12660.46
2012-01-30,76.2800,12653.72
2012-01-31,76.3400,12632.91
2012-02-01,76.1100,12716.46
2012-02-02,76.1300,12705.41
2012-02-03,76.5400,12862.23
2012-02-06,76.5400,12845.13
2012-02-07,76.8800,12878.20
2012-02-08,76.9000,12883.95
2012-02-09,77.4200,12890.46
2012-02-10,77.5700,12801.23
2012-02-13,77.5200,12874.04
2012-02-14,78.3900,12878.28
2012-02-15,78.2200,12780.95
2012-02-16,78.7700,12904.08
2012-02-17,79.3300,12949.87
2012-02-20,.,.
2012-02-21,79.7300,12965.69
2012-02-22,80.3000,12938.67
2012-02-23,80.2100,12984.69
2012-02-24,80.8800,12982.95
2012-02-27,80.4200,12981.51
2012-02-28,80.4400,13005.12
2012-02-29,81.1000,12952.07
2012-03-01,81.1600,12980.30
2012-03-02,81.5600,12977.57
2012-03-05,81.4300,12962.81
2012-03-06,80.8600,12759.15
2012-03-07,81.0600,12837.33
2012-03-08,81.5000,12907.94
2012-03-09,82.5900,12922.02
2012-03-12,82.2100,12959.71
2012-03-13,82.6600,13177.68
2012-03-14,83.7800,13194.10
2012-03-15,83.2800,13252.76
2012-03-16,83.3400,13232.62
2012-03-19,83.3100,13239.13
2012-03-20,83.6200,13170.19
2012-03-21,83.6200,13124.62
2012-03-22,82.5000,13046.14
2012-03-23,82.3500,13080.73
2012-03-26,82.8400,13241.63
2012-03-27,83.1500,13197.73
2012-03-28,82.7400,13126.21
2012-03-29,82.2800,13145.82
2012-03-30,82.4100,13212.04
2012-04-02,82.1600,13264.49
2012-04-03,82.1800,13199.55
2012-04-04,82.6200,13074.75
2012-04-05,82.3300,13060.14
2012-04-06,81.5600,.
2012-04-09,81.3600,12929.59
2012-04-10,80.9400,12715.93
2012-04-11,80.8800,12805.39
2012-04-12,80.8700,12986.58
2012-04-13,80.9900,12849.59
2012-04-16,80.4600,12921.41
2012-04-17,80.7200,13115.54
2012-04-18,81.2900,13032.75
2012-04-19,81.5700,12964.10
2012-04-20,81.6000,13029.26
2012-04-23,81.1600,12927.17
2012-04-24,81.2100,13001.56
2012-04-25,81.3300,13090.72
2012-04-26,80.7800,13204.62
2012-04-27,80.4800,13228.31
2012-04-30,79.8100,13213.63
2012-05-01,80.1700,13279.32
2012-05-02,80.1900,13268.57
2012-05-03,80.3600,13206.59
2012-05-04,79.8400,13038.27
2012-05-07,79.8800,13008.53
2012-05-08,79.7900,12932.09
2012-05-09,79.6400,12835.06
2012-05-10,79.9100,12855.04
2012-05-11,79.8600,12820.60
2012-05-14,79.8300,12695.35
2012-05-15,80.0900,12632.00
2012-05-16,80.3200,12598.55
2012-05-17,79.2600,12442.49
2012-05-18,79.1400,12369.38
2012-05-21,79.3100,12504.48
2012-05-22,79.9800,12502.81
2012-05-23,79.3300,12496.15
2012-05-24,79.4700,12529.75
2012-05-25,79.6400,12454.83
2012-05-28,.,.
2012-05-29,79.4400,12580.69
2012-05-30,78.9300,12419.86
2012-05-31,78.2900,12393.45
2012-06-01,78.2100,12118.57
2012-06-04,78.3000,12101.46
2012-06-05,78.5700,12127.95
2012-06-06,79.1100,12414.79
2012-06-07,79.6700,12460.96
2012-06-08,79.4700,12554.20
2012-06-11,79.5000,12411.23
2012-06-12,79.4400,12573.80
2012-06-13,79.3500,12496.38
2012-06-14,79.2900,12651.91
2012-06-15,78.6500,12767.17
2012-06-18,78.9500,12741.82
2012-06-19,78.9200,12837.33
2012-06-20,79.5400,12824.39
2012-06-21,80.1800,12573.57
2012-06-22,80.5200,12640.78
2012-06-25,79.5000,12502.66
2012-06-26,79.4600,12534.67
2012-06-27,79.8300,12627.01
2012-06-28,79.3500,12602.26
2012-06-29,79.8100,12880.09
2012-07-02,79.4200,12871.39
2012-07-03,79.7700,12943.82
2012-07-04,.,.
2012-07-05,79.9500,12896.67
2012-07-06,79.6100,12772.47
2012-07-09,79.6600,12736.29
2012-07-10,79.4400,12653.12
2012-07-11,79.7000,12604.53
2012-07-12,79.2900,12573.27
2012-07-13,79.2000,12777.09
2012-07-16,78.8000,12727.21
2012-07-17,79.0400,12805.54
2012-07-18,78.7900,12908.70
2012-07-19,78.6000,12943.36
2012-07-20,78.4900,12822.57
2012-07-23,78.3800,12721.46
2012-07-24,78.1900,12617.32
2012-07-25,78.2100,12676.05
2012-07-26,78.2400,12887.93
2012-07-27,78.5500,13075.66
2012-07-30,78.2000,13073.01
2012-07-31,78.1000,13008.68
2012-08-01,78.1900,12971.06
2012-08-02,78.2200,12878.88
2012-08-03,78.6000,13096.17
2012-08-06,78.1700,13117.51
2012-08-07,78.7100,13168.60
2012-08-08,78.4400,13175.64
2012-08-09,78.6400,13165.19
2012-08-10,78.2400,13207.95
2012-08-13,78.3400,13169.43
2012-08-14,78.8200,13172.14
2012-08-15,78.8900,13164.78
2012-08-16,79.2500,13250.11
2012-08-17,79.5000,13275.20
2012-08-20,79.4100,13271.64
2012-08-21,79.4300,13203.58
2012-08-22,79.1900,13172.76
2012-08-23,78.4600,13057.46
2012-08-24,78.6500,13157.97
2012-08-27,78.6700,13124.67
2012-08-28,78.5000,13102.99
2012-08-29,78.7200,13107.48
2012-08-30,78.5500,13000.71
2012-08-31,78.3000,13090.84
2012-09-03,.,.
2012-09-04,78.3500,13035.94
2012-09-05,78.3400,13047.48
2012-09-06,78.9600,13292.00
2012-09-07,78.1400,13306.64
2012-09-10,78.2400,13254.29
2012-09-11,77.7800,13323.36
2012-09-12,77.8600,13333.35
2012-09-13,77.4100,13539.86
2012-09-14,78.2200,13593.37
2012-09-17,78.6800,13553.10
2012-09-18,78.5900,13564.64
2012-09-19,78.4000,13577.96
2012-09-20,78.3000,13596.93
2012-09-21,78.1700,13579.47
2012-09-24,77.9000,13558.92
2012-09-25,77.9100,13457.55
2012-09-26,77.7800,13413.51
2012-09-27,77.6200,13485.97
2012-09-28,77.9200,13437.13
2012-10-01,78.0000,13515.11
2012-10-02,78.0100,13482.36
2012-10-03,78.5700,13494.61
2012-10-04,78.4400,13575.36
2012-10-05,78.6600,13610.15
2012-10-08,.,13583.65
2012-10-09,78.2300,13473.53
2012-10-10,78.2600,13344.97
2012-10-11,78.4400,13326.39
2012-10-12,78.3100,13328.85
2012-10-15,78.7600,13424.23
2012-10-16,78.9200,13551.78
2012-10-17,78.7400,13557.00
2012-10-18,79.2400,13548.94
2012-10-19,79.2600,13343.51
2012-10-22,79.8400,13345.89
2012-10-23,79.7900,13102.53
2012-10-24,79.8200,13077.34
2012-10-25,80.0400,13103.68
2012-10-26,79.6300,13107.21
2012-10-29,79.8100,.
2012-10-30,79.5800,.
2012-10-31,79.9400,13096.46
2012-11-01,80.1400,13232.62
2012-11-02,80.5300,13093.16
2012-11-05,80.1700,13112.44
2012-11-06,80.2800,13245.68
2012-11-07,79.8500,12932.73
2012-11-08,79.7400,12811.32
2012-11-09,79.4600,12815.39
2012-11-12,.,12815.08
2012-11-13,79.4200,12756.18
2012-11-14,80.2000,12570.95
2012-11-15,81.1600,12542.38
2012-11-16,81.2800,12588.31
2012-11-19,81.1800,12795.96
2012-11-20,81.7200,12788.51
2012-11-21,82.3600,12836.89
2012-11-22,.,.
2012-11-23,82.3400,13009.68
2012-11-26,82.1100,12967.37
2012-11-27,82.2300,12878.13
2012-11-28,81.8400,12985.11
2012-11-29,82.0600,13021.82
2012-11-30,82.5400,13025.58
2012-12-03,82.2400,12965.60
2012-12-04,81.8600,12951.78
2012-12-05,82.4000,13034.49
2012-12-06,82.2900,13074.04
2012-12-07,82.3700,13155.13
2012-12-10,82.3700,13169.88
2012-12-11,82.4200,13248.44
2012-12-12,83.1000,13245.45
2012-12-13,83.5400,13170.72
2012-12-14,83.5200,13135.01
2012-12-17,83.7000,13235.39
2012-12-18,84.0000,13350.96
2012-12-19,84.3200,13251.97
2012-12-20,84.3300,13311.72
2012-12-21,84.1000,13190.84
2012-12-24,84.8100,13139.08
2012-12-25,.,.
2012-12-26,85.6200,13114.59
2012-12-27,86.0600,13096.31
2012-12-28,86.1200,12938.11
2012-12-31,86.6400,13104.14
2013-01-01,.,.
2013-01-02,87.1000,13412.55
2013-01-03,86.9200,13391.36
2013-01-04,88.1400,13435.21
2013-01-07,87.6800,13384.29
2013-01-08,87.3100,13328.85
2013-01-09,87.9000,13390.51
2013-01-10,88.1600,13471.22
2013-01-11,89.2200,13488.43
2013-01-14,89.3400,13507.32
2013-01-15,88.6500,13534.89
2013-01-16,88.6400,13511.23
2013-01-17,89.4100,13596.02
2013-01-18,89.9000,13649.70
2013-01-21,.,.
2013-01-22,88.6200,13712.21
2013-01-23,88.4400,13779.33
2013-01-24,90.0400,13825.33
2013-01-25,91.0400,13895.98
2013-01-28,90.7300,13881.93
2013-01-29,90.6500,13954.42
2013-01-30,91.0500,13910.42
2013-01-31,91.2800,13860.58
2013-02-01,92.5400,14009.79
2013-02-04,92.5700,13880.08
2013-02-05,93.3400,13979.30
2013-02-06,93.5600,13986.52
2013-02-07,93.2400,13944.05
2013-02-08,92.7200,13992.97
2013-02-11,93.4400,13971.24
2013-02-12,93.1400,14018.70
2013-02-13,93.3900,13982.91
2013-02-14,93.1000,13973.39
2013-02-15,93.6400,13981.76
2013-02-18,.,.
2013-02-19,93.5400,14035.67
2013-02-20,93.5300,13927.54
2013-02-21,92.9600,13880.62
2013-02-22,93.3500,14000.57
2013-02-25,93.3500,13784.17
2013-02-26,91.3800,13900.13
2013-02-27,91.8800,14075.37
2013-02-28,92.3600,14054.49
2013-03-01,93.3800,14089.66
2013-03-04,93.3200,14127.82
2013-03-05,93.3900,14253.77
2013-03-06,93.6400,14296.24
2013-03-07,95.0000,14329.49
2013-03-08,96.0000,14397.07
2013-03-11,96.1200,14447.29
2013-03-12,95.9600,14450.06
2013-03-13,96.0000,14455.28
2013-03-14,96.1600,14539.14
2013-03-15,95.2600,14514.11
2013-03-18,94.9200,14452.06
2013-03-19,94.8500,14455.82
2013-03-20,95.5100,14511.73
2013-03-21,95.0600,14421.49
2013-03-22,94.4800,14512.03
2013-03-25,94.3400,14447.75
2013-03-26,94.2200,14559.65
2013-03-27,94.3800,14526.16
2013-03-28,94.0200,14578.54
2013-03-29,94.1600,.
2013-04-01,93.3000,14572.85
2013-04-02,93.4300,14662.01
2013-04-03,92.9600,14550.35
2013-04-04,96.1200,14606.11
2013-04-05,96.8600,14565.25
2013-04-08,98.9000,14613.48
2013-04-09,99.0200,14673.46
2013-04-10,99.6100,14802.24
2013-04-11,99.4200,14865.14
2013-04-12,98.9800,14865.06
2013-04-15,98.0000,14599.20
2013-04-16,97.8600,14756.78
2013-04-17,97.7400,14618.59
2013-04-18,98.2200,14537.14
2013-04-19,99.2800,14547.51
2013-04-22,99.2900,14567.17
2013-04-23,99.4300,14719.46
2013-04-24,99.3900,14676.30
2013-04-25,99.4200,14700.80
2013-04-26,97.8400,14712.55
2013-04-29,98.0900,14818.75
2013-04-30,97.5200,14839.80
2013-05-01,97.2800,14700.95
2013-05-02,97.9600,14831.58
2013-05-03,99.1000,14973.96
2013-05-06,99.3500,14968.89
2013-05-07,99.0000,15056.20
2013-05-08,98.9000,15105.12
2013-05-09,99.2900,15082.62
2013-05-10,101.7400,15118.49
2013-05-13,101.8400,15091.68
2013-05-14,102.1800,15215.25
2013-05-15,102.4400,15275.69
2013-05-16,102.2200,15233.22
2013-05-17,102.9800,15354.40
2013-05-20,102.5400,15335.28
2013-05-21,102.3600,15387.58
2013-05-22,103.5200,15307.17
2013-05-23,101.6600,15294.50
2013-05-24,100.9800,15303.10
2013-05-27,.,.
2013-05-28,102.0700,15409.39
2013-05-29,100.9100,15302.80
2013-05-30,101.0600,15324.53
2013-05-31,100.8300,15115.57
2013-06-03,99.1800,15254.03
2013-06-04,100.1500,15177.54
2013-06-05,99.1600,14960.59
2013-06-06,97.7600,15040.62
2013-06-07,97.2000,15248.12
2013-06-10,98.8800,15238.59
2013-06-11,96.8200,15122.02
2013-06-12,95.3600,14995.23
2013-06-13,94.2900,15176.08
2013-06-14,94.3400,15070.18
2013-06-17,94.8700,15179.85
2013-06-18,95.2000,15318.23
2013-06-19,95.2200,15112.19
2013-06-20,98.1800,14758.32
2013-06-21,97.4800,14799.40
2013-06-24,97.7000,14659.56
2013-06-25,97.8700,14760.31
2013-06-26,97.4300,14910.14
2013-06-27,98.4000,15024.49
2013-06-28,99.2100,14909.60
2013-07-01,99.6200,14974.96
2013-07-02,100.4300,14932.41
2013-07-03,99.8200,14988.55
2013-07-04,.,.
2013-07-05,100.9400,15135.84
2013-07-08,101.0700,15224.69
2013-07-09,101.0800,15300.34
2013-07-10,100.1000,15291.66
2013-07-11,98.8000,15460.92
2013-07-12,99.3900,15464.30
2013-07-15,100.0400,15484.26
2013-07-16,99.3700,15451.85
2013-07-17,99.7000,15470.52
2013-07-18,100.6000,15548.54
2013-07-19,100.3000,15543.74
2013-07-22,99.6000,15545.55
2013-07-23,99.7600,15567.74
2013-07-24,100.2100,15542.24
2013-07-25,99.5600,15555.61
2013-07-26,98.2400,15558.83
2013-07-29,97.8000,15521.97
2013-07-30,98.0200,15520.59
2013-07-31,98.3500,15499.54
2013-08-01,99.3000,15628.02
2013-08-02,99.0400,15658.36
2013-08-05,98.5400,15612.13
2013-08-06,97.8500,15518.74
2013-08-07,96.7200,15470.67
2013-08-08,96.0300,15498.32
2013-08-09,96.2400,15425.51
2013-08-12,96.4400,15419.68
2013-08-13,98.0600,15451.01
2013-08-14,98.1500,15337.66
2013-08-15,97.8100,15112.19
2013-08-16,97.6000,15081.47
2013-08-19,97.9400,15010.74
2013-08-20,97.1200,15002.99
2013-08-21,97.6600,14897.55
2013-08-22,98.5300,14963.74
2013-08-23,98.5700,15010.51
2013-08-26,98.6400,14946.46
2013-08-27,97.3000,14776.13
2013-08-28,97.6500,14824.51
2013-08-29,98.4600,14840.95
2013-08-30,98.2200,14810.31
2013-09-02,.,.
2013-09-03,99.4300,14833.96
2013-09-04,99.6100,14930.87
2013-09-05,100.0800,14937.48
2013-09-06,99.0400,14922.50
2013-09-09,99.5500,15063.12
2013-09-10,100.2200,15191.06
2013-09-11,100.0800,15326.60
2013-09-12,99.2400,15300.64
2013-09-13,99.3800,15376.06
2013-09-16,98.9800,15494.78
2013-09-17,99.1600,15529.73
2013-09-18,99.0400,15676.94
2013-09-19,99.3300,15636.55
2013-09-20,99.3800,15451.09
2013-09-23,98.7600,15401.38
2013-09-24,98.7600,15334.59
2013-09-25,98.6200,15273.26
2013-09-26,98.9500,15328.30
2013-09-27,98.3000,15258.24
2013-09-30,98.2900,15129.67
2013-10-01,98.0500,15191.70
2013-10-02,97.3600,15133.14
2013-10-03,97.0800,14996.48
2013-10-04,97.2000,15072.58
2013-10-07,97.0200,14936.24
2013-10-08,96.9400,14776.53
2013-10-09,97.2300,14802.98
2013-10-10,98.0900,15126.07
2013-10-11,98.4200,15237.11
2013-10-14,.,15301.26
2013-10-15,98.5800,15168.01
2013-10-16,98.9000,15373.83
2013-10-17,97.8500,15371.65
2013-10-18,97.7700,15399.65
2013-10-21,98.1400,15392.20
2013-10-22,98.1800,15467.66
2013-10-23,97.2800,15413.33
2013-10-24,97.3600,15509.21
2013-10-25,97.4600,15570.28
2013-10-28,97.7000,15568.93
2013-10-29,98.0900,15680.35
2013-10-30,98.1400,15618.76
2013-10-31,98.1000,15545.75
2013-11-01,98.7800,15615.55
2013-11-04,98.6200,15639.12
2013-11-05,98.6000,15618.22
2013-11-06,98.6000,15746.88
2013-11-07,98.5600,15593.98
2013-11-08,99.0300,15761.78
2013-11-11,.,15783.10
2013-11-12,99.6500,15750.67
2013-11-13,99.3100,15821.63
2013-11-14,99.9300,15876.22
2013-11-15,100.1700,15961.70
2013-11-18,100.0400,15976.02
2013-11-19,100.1400,15967.03
2013-11-20,100.0200,15900.82
2013-11-21,100.9500,16009.99
2013-11-22,101.2900,16064.77
2013-11-25,101.7000,16072.54
2013-11-26,101.3800,16072.80
2013-11-27,102.1800,16097.33
2013-11-28,.,.
2013-11-29,102.4500,16086.41
2013-12-02,103.0400,16008.77
2013-12-03,102.3600,15914.62
2013-12-04,102.4800,15889.77
2013-12-05,101.8200,15821.51
2013-12-06,102.8800,16020.20
2013-12-09,103.2200,16025.53
2013-12-10,102.8000,15973.13
2013-12-11,102.3800,15843.53
2013-12-12,103.1100,15739.43
2013-12-13,103.2800,15755.36
2013-12-16,102.9100,15884.57
2013-12-17,102.6300,15875.26
2013-12-18,103.1800,16167.97
2013-12-19,104.1600,16179.08
2013-12-20,104.0700,16221.14
2013-12-23,104.0600,16294.61
2013-12-24,104.2600,16357.55
2013-12-25,.,.
2013-12-26,104.7200,16479.88
2013-12-27,105.0500,16478.41
2013-12-30,105.0000,16504.29
2013-12-31,105.2500,16576.66
2014-01-01,.,.
2014-01-02,104.8400,16441.35
2014-01-03,104.4600,16469.99
2014-01-06,104.3800,16425.10
2014-01-07,104.5400,16530.94
2014-01-08,104.8700,16462.74
2014-01-09,104.7400,16444.76
2014-01-10,104.0600,16437.05
2014-01-13,103.3100,16257.94
2014-01-14,103.8000,16373.86
2014-01-15,104.4200,16481.94
2014-01-16,104.3200,16417.01
2014-01-17,104.3200,16458.56
2014-01-20,.,.
2014-01-21,104.1400,16414.44
2014-01-22,104.3600,16373.34
2014-01-23,103.6500,16197.35
2014-01-24,102.4100,15879.11
2014-01-27,102.2600,15837.88
2014-01-28,102.8000,15928.56
2014-01-29,102.2000,15738.79
2014-01-30,102.8300,15848.61
2014-01-31,102.2800,15698.85
2014-02-03,101.1100,15372.80
2014-02-04,101.6200,15445.24
2014-02-05,101.3800,15440.23
2014-02-06,101.8400,15628.53
2014-02-07,102.3200,15794.08
2014-02-10,102.1400,15801.79
2014-02-11,102.6300,15994.77
2014-02-12,102.4800,15963.94
2014-02-13,102.2000,16027.59
2014-02-14,101.8200,16154.39
2014-02-17,.,.
2014-02-18,102.3100,16130.40
2014-02-19,102.3000,16040.56
2014-02-20,102.3200,16133.23
2014-02-21,102.7100,16103.30
2014-02-24,102.4400,16207.14
2014-02-25,102.2000,16179.66
2014-02-26,102.3600,16198.41
2014-02-27,102.1200,16272.65
2014-02-28,102.0800,16321.71
2014-03-03,101.3600,16168.03
2014-03-04,102.1800,16395.88
2014-03-05,102.3200,16360.18
2014-03-06,103.0300,16421.89
2014-03-07,103.3800,16452.72
2014-03-10,103.2300,16418.68
2014-03-11,103.1800,16351.25
2014-03-12,102.7400,16340.08
2014-03-13,102.1200,16108.89
2014-03-14,101.4600,16065.67
2014-03-17,101.6200,16247.22
2014-03-18,101.3700,16336.19
2014-03-19,101.5400,16222.17
2014-03-20,102.3900,16331.05
2014-03-21,102.3800,16302.77
2014-03-24,102.2100,16276.69
2014-03-25,102.3200,16367.88
2014-03-26,102.3000,16268.99
2014-03-27,102.1000,16264.23
2014-03-28,102.9200,16323.06
2014-03-31,102.9800,16457.66
2014-04-01,103.5200,16532.61
2014-04-02,103.8200,16573.00
2014-04-03,103.9400,16572.55
2014-04-04,103.3900,16412.71
2014-04-07,103.0400,16245.87
2014-04-08,102.1200,16256.14
2014-04-09,101.8500,16437.18
2014-04-10,101.4300,16170.22
2014-04-11,101.5600,16026.75
2014-04-14,101.8100,16173.24
2014-04-15,101.6000,16262.56
2014-04-16,102.3000,16424.85
2014-04-17,102.2200,16408.54
2014-04-18,102.4300,.
2014-04-21,102.5600,16449.25
2014-04-22,102.6000,16514.37
2014-04-23,102.2600,16501.65
2014-04-24,102.3400,16501.65
2014-04-25,102.1200,16361.46
2014-04-28,102.4600,16448.74
2014-04-29,102.5700,16535.37
2014-04-30,102.1400,16580.84
2014-05-01,102.3000,16558.87
2014-05-02,102.3400,16512.89
2014-05-05,102.0600,16530.55
2014-05-06,101.5700,16401.02
2014-05-07,101.7200,16518.54
2014-05-08,101.6600,16550.97
2014-05-09,101.7400,16583.34
2014-05-12,102.1000,16695.47
2014-05-13,102.2000,16715.44
2014-05-14,101.7500,16613.97
2014-05-15,101.4400,16446.81
2014-05-16,101.5000,16491.31
2014-05-19,101.2600,16511.86
2014-05-20,101.2600,16374.31
2014-05-21,101.4400,16533.06
2014-05-22,101.7600,16543.08
2014-05-23,101.8800,16606.27
2014-05-26,.,.
2014-05-27,102.1400,16675.50
2014-05-28,101.7800,16633.18
2014-05-29,101.5800,16698.74
2014-05-30,101.7700,16717.17
2014-06-02,102.3000,16743.63
2014-06-03,102.4200,16722.34
2014-06-04,102.6900,16737.53
2014-06-05,102.4400,16836.11
2014-06-06,102.5000,16924.28
2014-06-09,102.5200,16943.10
2014-06-10,102.3700,16945.92
2014-06-11,101.9400,16843.88
2014-06-12,101.8300,16734.19
2014-06-13,102.0600,16775.74
2014-06-16,101.8200,16781.01
2014-06-17,102.1800,16808.49
2014-06-18,102.1600,16906.62
2014-06-19,101.8400,16921.46
2014-06-20,102.1400,16947.08
2014-06-23,101.9000,16937.26
2014-06-24,102.1300,16818.13
2014-06-25,101.7500,16867.51
2014-06-26,101.6600,16846.13
2014-06-27,101.3900,16851.84
2014-06-30,101.2800,16826.60
2014-07-01,101.5100,16956.07
2014-07-02,101.7600,16976.24
2014-07-03,102.1900,17068.26
2014-07-04,.,.
2014-07-07,101.8400,17024.21
2014-07-08,101.5300,16906.62
2014-07-09,101.7000,16985.61
2014-07-10,101.2600,16915.07
2014-07-11,101.3300,16943.81
2014-07-14,101.5800,17055.42
2014-07-15,101.6200,17060.68
2014-07-16,101.6900,17138.20
2014-07-17,101.3000,16976.81
2014-07-18,101.3700,17100.18
2014-07-21,101.3400,17051.73
2014-07-22,101.5400,17113.54
2014-07-23,101.5000,17086.63
2014-07-24,101.8200,17083.80
2014-07-25,101.8100,16960.57
2014-07-28,101.8200,16982.59
2014-07-29,102.1200,16912.11
2014-07-30,102.9000,16880.36
2014-07-31,102.7500,16563.30
2014-08-01,102.4500,16493.37
2014-08-04,102.4700,16569.28
2014-08-05,102.7700,16429.47
2014-08-06,102.3400,16443.34
2014-08-07,102.0600,16368.27
2014-08-08,101.9100,16553.93
2014-08-11,102.1400,16569.98
2014-08-12,102.2200,16560.54
2014-08-13,102.4800,16651.80
2014-08-14,102.4400,16713.58
2014-08-15,102.1900,16662.91
2014-08-18,102.5400,16838.74
2014-08-19,102.8600,16919.59
2014-08-20,103.3600,16979.13
2014-08-21,103.7800,17039.49
2014-08-22,103.9700,17001.22
2014-08-25,103.9600,17076.87
2014-08-26,104.1200,17106.70
2014-08-27,103.9800,17122.01
2014-08-28,103.7800,17079.57
2014-08-29,104.0000,17098.45
2014-09-01,.,.
2014-09-02,105.1000,17067.56
2014-09-03,104.8800,17078.28
2014-09-04,105.2200,17069.58
2014-09-05,104.9400,17137.36
2014-09-08,105.6500,17111.42
2014-09-09,106.3200,17013.87
2014-09-10,106.7600,17068.71
2014-09-11,106.8700,17049.00
2014-09-12,107.2400,16987.51
2014-09-15,107.1800,17031.14
2014-09-16,106.9100,17131.97
2014-09-17,107.5800,17156.85
2014-09-18,108.6900,17265.99
2014-09-19,108.9600,17279.74
2014-09-22,108.8800,17172.68
2014-09-23,108.8200,17055.87
2014-09-24,108.9200,17210.06
2014-09-25,108.7000,16945.80
2014-09-26,109.3200,17113.15
2014-09-29,109.3400,17071.22
2014-09-30,109.6600,17042.90
2014-10-01,109.3000,16804.71
2014-10-02,108.1000,16801.05
2014-10-03,109.7000,17009.69
2014-10-06,109.0800,16991.91
2014-10-07,108.3000,16719.39
2014-10-08,108.4100,16994.22
2014-10-09,108.0000,16659.25
2014-10-10,107.8300,16544.10
2014-10-13,.,16321.07
2014-10-14,107.1500,16315.19
2014-10-15,106.0600,16141.74
2014-10-16,105.9800,16117.24
2014-10-17,106.7200,16380.41
2014-10-20,106.8700,16399.67
2014-10-21,106.7000,16614.81
2014-10-22,107.3200,16461.32
2014-10-23,108.1600,16677.90
2014-10-24,108.0600,16805.41
2014-10-27,107.7100,16817.94
2014-10-28,108.0000,17005.75
2014-10-29,108.1000,16974.31
2014-10-30,108.9400,17195.42
2014-10-31,112.0900,17390.52
2014-11-03,113.9200,17366.24
2014-11-04,113.4400,17383.84
2014-11-05,114.6200,17484.53
2014-11-06,114.8700,17554.47
2014-11-07,114.7300,17573.93
2014-11-10,114.7800,17613.74
2014-11-11,.,17614.90
2014-11-12,115.4200,17612.20
2014-11-13,115.6300,17652.79
2014-11-14,116.5200,17634.74
2014-11-17,116.4400,17647.75
2014-11-18,116.7600,17687.82
2014-11-19,117.7000,17685.73
2014-11-20,118.1400,17719.00
2014-11-21,117.7400,17810.06
2014-11-24,118.3900,17817.90
2014-11-25,117.9900,17814.94
2014-11-26,117.6000,17827.75
2014-11-27,.,.
2014-11-28,118.7000,17828.24
2014-12-01,118.1400,17776.80
2014-12-02,119.1000,17879.55
2014-12-03,119.8200,17912.62
2014-12-04,119.6700,17900.10
2014-12-05,121.3800,17958.79
2014-12-08,120.8900,17852.48
2014-12-09,118.8700,17801.20
2014-12-10,118.5000,17533.15
2014-12-11,119.4000,17596.34
2014-12-12,118.2200,17280.83
2014-12-15,117.7500,17180.84
2014-12-16,117.2800,17068.87
2014-12-17,117.6400,17356.87
2014-12-18,118.8400,17778.15
2014-12-19,119.5600,17804.80
2014-12-22,119.8400,17959.44
2014-12-23,120.6800,18024.17
2014-12-24,120.4500,18030.21
2014-12-25,.,.
2014-12-26,.,18053.71
2014-12-29,120.5700,18038.23
2014-12-30,119.3400,17983.07
2014-12-31,119.8500,17823.07
2015-01-01,.,.
2015-01-02,120.2000,17832.99
2015-01-05,119.6400,17501.65
2015-01-06,118.2600,17371.64
2015-01-07,119.5200,17584.52
2015-01-08,119.5100,17907.87
2015-01-09,118.6600,17737.37
2015-01-12,118.3200,17640.84
2015-01-13,118.1600,17613.68
2015-01-14,116.7800,17427.09
2015-01-15,116.9500,17320.71
2015-01-16,117.4500,17511.57
2015-01-19,.,.
2015-01-20,118.4800,17515.23
2015-01-21,117.8600,17554.28
2015-01-22,117.9200,17813.98
2015-01-23,117.8000,17672.60
2015-01-26,118.3800,17678.70
2015-01-27,117.6200,17387.21
2015-01-28,117.7400,17191.37
2015-01-29,118.3100,17416.85
2015-01-30,117.4400,17164.95
2015-02-02,117.3300,17361.04
2015-02-03,117.4800,17666.40
2015-02-04,117.5800,17673.02
2015-02-05,117.4000,17884.88
2015-02-06,119.1600,17824.29
2015-02-09,118.7000,17729.21
2015-02-10,119.3200,17868.76
2015-02-11,120.3800,17862.14
2015-02-12,118.7200,17972.38
2015-02-13,118.7000,18019.35
2015-02-16,.,.
2015-02-17,118.9900,18047.58
2015-02-18,119.1900,18029.85
2015-02-19,118.8400,17985.77
2015-02-20,118.6800,18140.44
2015-02-23,118.8800,18116.84
2015-02-24,119.1300,18209.19
2015-02-25,118.8800,18224.57
2015-02-26,119.3600,18214.42
2015-02-27,119.7200,18132.70
2015-03-02,120.0600,18288.63
2015-03-03,119.4700,18203.37
2015-03-04,119.7600,18096.90
2015-03-05,120.2200,18135.72
2015-03-06,120.9300,17856.78
2015-03-09,121.1700,17995.72
2015-03-10,121.2000,17662.94
2015-03-11,121.5000,17635.39
2015-03-12,121.2800,17895.22
2015-03-13,121.1700,17749.31
2015-03-16,121.3000,17977.42
2015-03-17,121.2800,17849.08
2015-03-18,120.9200,18076.19
2015-03-19,120.9000,17959.03
2015-03-20,120.2800,18127.65
2015-03-23,119.7400,18116.04
2015-03-24,119.9000,18011.14
2015-03-25,119.3700,17718.54
2015-03-26,119.0100,17678.23
2015-03-27,119.1500,17712.66
2015-03-30,120.1100,17976.31
2015-03-31,119.9600,17776.12
2015-04-01,119.6200,17698.18
2015-04-02,119.7400,17763.24
2015-04-03,118.9600,.
2015-04-06,119.0500,17880.85
2015-04-07,120.3600,17875.42
2015-04-08,119.9600,17902.51
2015-04-09,120.3200,17958.73
2015-04-10,120.2900,18057.65
2015-04-13,120.3200,17977.04
2015-04-14,119.2600,18036.70
2015-04-15,119.2300,18112.61
2015-04-16,119.1800,18105.77
2015-04-17,119.0200,17826.30
2015-04-20,119.2700,18034.93
2015-04-21,119.4500,17949.59
2015-04-22,119.9000,18038.27
2015-04-23,119.6900,18058.69
2015-04-24,118.9800,18080.14
2015-04-27,119.1200,18037.97
2015-04-28,118.8000,18110.14
2015-04-29,118.8300,18035.53
2015-04-30,119.8600,17840.52
2015-05-01,120.2100,18024.06
2015-05-04,120.2500,18070.40
2015-05-05,119.8700,17928.20
2015-05-06,119.4200,17841.98
2015-05-07,119.7400,17924.06
2015-05-08,119.7800,18191.11
2015-05-11,120.0500,18105.17
2015-05-12,119.8000,18068.23
2015-05-13,119.0900,18060.49
2015-05-14,119.2000,18252.24
2015-05-15,119.3600,18272.56
2015-05-18,119.8200,18298.88
2015-05-19,120.5800,18312.39
2015-05-20,121.2800,18285.40
2015-05-21,121.0600,18285.74
2015-05-22,121.4500,18232.02
2015-05-25,.,.
2015-05-26,123.0800,18041.54
2015-05-27,123.7600,18162.99
2015-05-28,124.1800,18126.12
2015-05-29,123.9800,18010.68
2015-06-01,124.6400,18040.37
2015-06-02,124.1900,18011.94
2015-06-03,124.0600,18076.27
2015-06-04,124.5600,17905.58
2015-06-05,125.5800,17849.46
2015-06-08,125.0800,17766.55
2015-06-09,124.1600,17764.04
2015-06-10,122.7200,18000.40
2015-06-11,123.6200,18039.37
2015-06-12,123.2300,17898.84
2015-06-15,123.3800,17791.17
2015-06-16,123.3900,17904.48
2015-06-17,124.2500,17935.74
2015-06-18,122.8700,18115.84
2015-06-19,122.7000,18015.95
2015-06-22,123.2800,18119.78
2015-06-23,123.7100,18144.07
2015-06-24,124.2400,17966.07
2015-06-25,123.6300,17890.36
2015-06-26,123.9200,17946.68
2015-06-29,122.5000,17596.35
2015-06-30,122.1000,17619.51
2015-07-01,123.0200,17757.91
2015-07-02,123.1400,17730.11
2015-07-03,.,.
2015-07-06,122.5300,17683.58
2015-07-07,122.1600,17776.91
2015-07-08,120.5400,17515.42
2015-07-09,121.2200,17548.62
2015-07-10,122.7500,17760.41
2015-07-13,123.3500,17977.68
2015-07-14,123.3900,18053.58
2015-07-15,123.8900,18050.17
2015-07-16,124.0400,18120.25
2015-07-17,124.0000,18086.45
2015-07-20,124.2400,18100.41
2015-07-21,123.9300,17919.29
2015-07-22,124.0800,17851.04
2015-07-23,123.8800,17731.92
2015-07-24,123.7400,17568.53
2015-07-27,123.2400,17440.59
2015-07-28,123.5200,17630.27
2015-07-29,123.8600,17751.39
2015-07-30,124.3800,17745.98
2015-07-31,123.9400,17689.86
2015-08-03,123.9800,17598.20
2015-08-04,124.0000,17550.69
2015-08-05,124.8400,17540.47
2015-08-06,124.6000,17419.75
2015-08-07,124.2700,17373.38
2015-08-10,124.5500,17615.17
2015-08-11,124.9000,17402.84
2015-08-12,123.8700,17402.51
2015-08-13,124.3200,17408.25
2015-08-14,124.2700,17477.40
2015-08-17,124.3300,17545.18
2015-08-18,124.3900,17511.34
2015-08-19,124.1000,17348.73
2015-08-20,123.5400,16990.69
2015-08-21,122.1100,16459.75
2015-08-24,118.5600,15871.35
2015-08-25,119.9100,15666.44
2015-08-26,119.0700,16285.51
2015-08-27,120.8900,16654.77
2015-08-28,121.3200,16643.01
2015-08-31,121.2600,16528.03
2015-09-01,119.9400,16058.35
2015-09-02,120.0000,16351.38
2015-09-03,120.2000,16374.76
2015-09-04,119.0500,16102.38
2015-09-07,.,.
2015-09-08,119.7200,16492.68
2015-09-09,120.9400,16253.57
2015-09-10,120.7100,16330.40
2015-09-11,120.6600,16433.09
2015-09-14,119.9200,16370.96
2015-09-15,120.3000,16599.85
2015-09-16,120.6200,16739.95
2015-09-17,120.9000,16674.74
2015-09-18,119.8500,16384.58
2015-09-21,120.4600,16510.19
2015-09-22,120.0400,16330.47
2015-09-23,120.1200,16279.89
2015-09-24,119.5400,16201.32
2015-09-25,120.7400,16314.67
2015-09-28,119.8200,16001.89
2015-09-29,119.7600,16049.13
2015-09-30,119.8100,16284.70
2015-10-01,119.5800,16272.01
2015-10-02,119.4200,16472.37
2015-10-05,120.3600,16776.43
2015-10-06,120.1800,16790.19
2015-10-07,119.9000,16912.29
2015-10-08,119.9400,17050.75
2015-10-09,120.3000,17084.49
2015-10-12,.,17131.86
2015-10-13,119.8000,17081.89
2015-10-14,119.2100,16924.75
2015-10-15,118.2600,17141.75
2015-10-16,119.6000,17215.97
2015-10-19,119.5000,17230.54
2015-10-20,119.7900,17217.11
2015-10-21,119.9100,17168.61
2015-10-22,120.5000,17489.16
2015-10-23,121.2000,17646.70
2015-10-26,120.8700,17623.05
2015-10-27,120.2900,17581.43
2015-10-28,120.5600,17779.52
2015-10-29,121.1400,17755.80
2015-10-30,120.7000,17663.54
2015-11-02,120.7000,17828.76
2015-11-03,121.2000,17918.15
2015-11-04,121.5200,17867.58
2015-11-05,121.7100,17863.43
2015-11-06,123.2000,17910.33
2015-11-09,123.0400,17730.48
2015-11-10,123.2200,17758.21
2015-11-11,.,17702.22
2015-11-12,122.8400,17448.07
2015-11-13,122.9300,17245.24
2015-11-16,123.1100,17483.01
2015-11-17,123.4800,17489.50
2015-11-18,123.5100,17737.16
2015-11-19,122.7100,17732.75
2015-11-20,122.8000,17823.81
2015-11-23,123.0200,17792.68
2015-11-24,122.4700,17812.19
2015-11-25,122.7000,17813.39
2015-11-26,.,.
2015-11-27,122.8400,17798.49
2015-11-30,123.2200,17719.92
2015-12-01,122.8800,17888.35
2015-12-02,123.5200,17729.68
2015-12-03,123.0600,17477.67
2015-12-04,123.1000,17847.63
2015-12-07,123.3100,17730.51
2015-12-08,123.0000,17568.00
2015-12-09,121.8600,17492.30
2015-12-10,121.4400,17574.75
2015-12-11,120.9400,17265.21
2015-12-14,120.5700,17368.50
2015-12-15,121.6600,17524.91
2015-12-16,121.8800,17749.09
2015-12-17,122.7500,17495.84
2015-12-18,121.2000,17128.55
2015-12-21,120.9900,17251.62
2015-12-22,120.9400,17417.27
2015-12-23,120.9400,17602.61
2015-12-24,120.3200,17552.17
2015-12-25,.,.
2015-12-28,120.3000,17528.27
2015-12-29,120.4400,17720.98
2015-12-30,120.6000,17603.87
2015-12-31,120.2700,17425.03
2016-01-01,.,.
2016-01-04,119.3000,17148.94
2016-01-05,118.9500,17158.66
2016-01-06,118.5400,16906.51
2016-01-07,118.0000,16514.10
2016-01-08,117.7400,16346.45
2016-01-11,117.4800,16398.57
2016-01-12,117.7800,16516.22
2016-01-13,118.0600,16151.41
2016-01-14,118.0300,16379.05
2016-01-15,116.7800,15988.08
2016-01-18,.,.
2016-01-19,117.6600,16016.02
2016-01-20,116.3800,15766.74
2016-01-21,117.6100,15882.68
2016-01-22,118.3700,16093.51
2016-01-25,118.5500,15885.22
2016-01-26,118.5000,16167.23
2016-01-27,118.9000,15944.46
2016-01-28,118.6100,16069.64
2016-01-29,121.0500,16466.30
2016-02-01,121.0600,16449.18
2016-02-02,120.2700,16153.54
2016-02-03,117.9200,16336.66
2016-02-04,116.7500,16416.58
2016-02-05,116.9900,16204.97
2016-02-08,115.7000,16027.05
2016-02-09,114.8000,16014.38
2016-02-10,114.0300,15914.74
2016-02-11,111.7200,15660.18
2016-02-12,112.9600,15973.84
2016-02-15,.,.
2016-02-16,113.9000,16196.41
2016-02-17,114.1400,16453.83
2016-02-18,113.6200,16413.43
2016-02-19,112.4200,16391.99
2016-02-22,113.1200,16620.66
2016-02-23,112.1700,16431.78
2016-02-24,111.3600,16484.99
2016-02-25,112.7000,16697.29
2016-02-26,113.7800,16639.97
2016-02-29,112.9000,16516.50
2016-03-01,113.9400,16865.08
2016-03-02,113.8100,16899.32
2016-03-03,113.5300,16943.90
2016-03-04,113.9100,17006.77
2016-03-07,113.6000,17073.95
2016-03-08,112.5800,16964.10
2016-03-09,113.0600,17000.36
2016-03-10,113.1000,16995.13
2016-03-11,113.6600,17213.31
2016-03-14,113.5900,17229.13
2016-03-15,112.8800,17251.53
2016-03-16,113.6900,17325.76
2016-03-17,111.3000,17481.49
2016-03-18,111.3800,17602.30
2016-03-21,111.6200,17623.87
2016-03-22,111.8200,17582.57
2016-03-23,112.6300,17502.59
2016-03-24,112.6400,17515.73
2016-03-25,113.0500,.
2016-03-28,113.2900,17535.39
2016-03-29,113.3300,17633.11
2016-03-30,112.6000,17716.66
2016-03-31,112.4200,17685.09
2016-04-01,112.0600,17792.75
2016-04-04,111.1800,17737.00
2016-04-05,110.2600,17603.32
2016-04-06,109.6300,17716.05
2016-04-07,107.9800,17541.96
2016-04-08,108.3600,17576.96
2016-04-11,107.9600,17556.41
2016-04-12,108.5400,17721.25
2016-04-13,109.2100,17908.28
2016-04-14,109.2000,17926.43
2016-04-15,108.7600,17897.46
2016-04-18,108.8500,18004.16
2016-04-19,109.1600,18053.60
2016-04-20,109.5100,18096.27
2016-04-21,109.4100,17982.52
2016-04-22,111.5000,18003.75
2016-04-25,111.0800,17977.24
2016-04-26,111.2300,17990.32
2016-04-27,111.2600,18041.55
2016-04-28,108.5500,17830.76
2016-04-29,106.9000,17773.64
2016-05-02,106.4800,17891.16
2016-05-03,106.3400,17750.91
2016-05-04,107.1200,17651.26
2016-05-05,107.3200,17660.71
2016-05-06,106.6600,17740.63
2016-05-09,108.3900,17705.91
2016-05-10,109.2200,17928.35
2016-05-11,108.4800,17711.12
2016-05-12,108.7300,17720.50
2016-05-13,109.1400,17535.32
2016-05-16,108.8900,17710.71
2016-05-17,109.0200,17529.98
2016-05-18,109.6500,17526.62
2016-05-19,109.8100,17435.40
2016-05-20,110.5200,17500.94
2016-05-23,109.4700,17492.93
2016-05-24,110.0000,17706.05
2016-05-25,110.2200,17851.51
2016-05-26,109.7400,17828.29
2016-05-27,109.8600,17873.22
2016-05-30,.,.
2016-05-31,110.7500,17787.20
2016-06-01,109.5500,17789.67
2016-06-02,108.7500,17838.56
2016-06-03,106.8800,17807.06
2016-06-06,107.3300,17920.33
2016-06-07,107.3000,17938.28
2016-06-08,106.6800,18005.05
2016-06-09,106.5400,17985.19
2016-06-10,107.0600,17865.34
2016-06-13,106.0700,17732.48
2016-06-14,106.0200,17674.82
2016-06-15,105.8700,17640.17
2016-06-16,104.0500,17733.10
2016-06-17,104.2000,17675.16
2016-06-20,104.3200,17804.87
2016-06-21,104.5600,17829.73
2016-06-22,104.5600,17780.83
2016-06-23,105.9000,18011.07
2016-06-24,102.2600,17400.75
2016-06-27,101.6600,17140.24
2016-06-28,102.7100,17409.72
2016-06-29,102.6800,17694.68
2016-06-30,102.7700,17929.99
2016-07-01,102.5500,17949.37
2016-07-04,.,.
2016-07-05,101.5800,17840.62
2016-07-06,101.1200,17918.62
2016-07-07,100.7400,17895.88
2016-07-08,100.6500,18146.74
2016-07-11,102.6600,18226.93
2016-07-12,104.7200,18347.67
2016-07-13,104.1000,18372.12
2016-07-14,105.4000,18506.41
2016-07-15,105.6400,18516.55
2016-07-18,106.0000,18533.05
2016-07-19,106.1300,18559.01
2016-07-20,106.6500,18595.03
2016-07-21,105.9800,18517.23
2016-07-22,106.2200,18570.85
2016-07-25,106.0200,18493.06
2016-07-26,104.8300,18473.75
2016-07-27,105.6500,18472.17
2016-07-28,104.8600,18456.35
2016-07-29,102.3200,18432.24
2016-08-01,102.2600,18404.51
2016-08-02,100.8200,18313.77
2016-08-03,101.3400,18355.00
2016-08-04,101.0800,18352.05
2016-08-05,101.7400,18543.53
2016-08-08,102.5300,18529.29
2016-08-09,101.9600,18533.05
2016-08-10,101.2700,18495.66
2016-08-11,101.4600,18613.52
2016-08-12,101.0100,18576.47
2016-08-15,101.0200,18636.05
2016-08-16,100.2800,18552.02
2016-08-17,100.2400,18573.94
2016-08-18,100.0700,18597.70
2016-08-19,100.2400,18552.57
2016-08-22,100.2500,18529.42
2016-08-23,100.2000,18547.30
2016-08-24,100.5000,18481.48
2016-08-25,100.5800,18448.41
2016-08-26,101.2000,18395.40
2016-08-29,102.1300,18502.99
2016-08-30,102.9200,18454.30
2016-08-31,103.3800,18400.88
2016-09-01,103.2200,18419.30
2016-09-02,104.1800,18491.96
2016-09-05,.,.
2016-09-06,102.2800,18538.12
2016-09-07,101.7200,18526.14
2016-09-08,102.2800,18479.91
2016-09-09,102.8600,18085.45
2016-09-12,101.9600,18325.07
2016-09-13,102.1400,18066.75
2016-09-14,102.3300,18034.77
2016-09-15,102.2400,18212.48
2016-09-16,102.3600,18123.80
2016-09-19,101.8200,18120.17
2016-09-20,101.6600,18129.96
2016-09-21,100.6200,18293.70
2016-09-22,100.8000,18392.46
2016-09-23,101.0400,18261.45
2016-09-26,100.3400,18094.83
2016-09-27,100.3600,18228.30
2016-09-28,100.5700,18339.24
2016-09-29,101.4800,18143.45
2016-09-30,101.2100,18308.15
2016-10-03,101.5400,18253.85
2016-10-04,102.6600,18168.45
2016-10-05,103.5300,18281.03
2016-10-06,104.0200,18268.50
2016-10-07,103.4200,18240.49
2016-10-10,.,18329.04
2016-10-11,103.3600,18128.66
2016-10-12,104.4800,18144.20
2016-10-13,103.6200,18098.94
2016-10-14,104.1000,18138.38
2016-10-17,103.9600,18086.40
2016-10-18,103.8000,18161.94
2016-10-19,103.3000,18202.62
2016-10-20,103.9200,18162.35
2016-10-21,103.9600,18145.71
2016-10-24,104.2000,18223.03
2016-10-25,104.2500,18169.27
2016-10-26,104.4200,18199.33
2016-10-27,105.1400,18169.68
2016-10-28,105.4000,18161.19
2016-10-31,105.0700,18142.42
2016-11-01,104.5900,18037.10
2016-11-02,103.2200,17959.64
2016-11-03,103.1700,17930.67
2016-11-04,103.0200,17888.28
2016-11-07,104.6000,18259.60
2016-11-08,104.9800,18332.74
2016-11-09,104.8400,18589.69
2016-11-10,106.5600,18807.88
2016-11-11,.,18847.66
2016-11-14,108.3000,18868.69
2016-11-15,108.9400,18923.06
2016-11-16,109.1600,18868.14
2016-11-17,109.6400,18903.82
2016-11-18,110.5100,18867.93
2016-11-21,111.1200,18956.69
2016-11-22,110.9800,19023.87
2016-11-23,112.5800,19083.18
2016-11-24,.,.
2016-11-25,113.1700,19152.14
2016-11-28,112.3600,19097.90
2016-11-29,112.7800,19121.60
2016-11-30,114.3400,19123.58
2016-12-01,114.3400,19191.93
2016-12-02,113.7600,19170.42
2016-12-05,114.1000,19216.24
2016-12-06,113.9800,19251.78
2016-12-07,113.5000,19549.62
2016-12-08,114.1600,19614.81
2016-12-09,115.1700,19756.85
2016-12-12,115.3400,19796.43
2016-12-13,115.2600,19911.21
2016-12-14,115.0600,19792.53
2016-12-15,118.3200,19852.24
2016-12-16,117.7400,19843.41
2016-12-19,116.6000,19883.06
2016-12-20,117.8600,19974.62
2016-12-21,117.7900,19941.96
2016-12-22,117.4800,19918.88
2016-12-23,117.2200,19933.81
2016-12-26,.,.
2016-12-27,117.5200,19945.04
2016-12-28,117.6600,19833.68
2016-12-29,116.3200,19819.78
2016-12-30,116.7800,19762.60
2017-01-02,.,.
2017-01-03,117.6800,19881.76
2017-01-04,117.3800,19942.16
2017-01-05,115.4600,19899.29
2017-01-06,116.8500,19963.80
2017-01-09,116.0700,19887.38
2017-01-10,115.7400,19855.53
2017-01-11,116.2600,19954.28
2017-01-12,113.8700,19891.00
2017-01-13,115.0300,19885.73
2017-01-16,.,.
2017-01-17,112.9600,19826.77
2017-01-18,113.4000,19804.72
2017-01-19,115.3000,19732.40
2017-01-20,.,19827.25
2017-01-23,112.9000,19799.85
2017-01-24,113.6300,19912.71
2017-01-25,113.6000,20068.51
2017-01-26,114.7000,20100.91
2017-01-27,115.1600,20093.78
2017-01-30,113.8600,19971.13
2017-01-31,112.7200,19864.09
2017-02-01,113.2900,19890.94
2017-02-02,112.4800,19884.91
2017-02-03,112.4200,20071.46
2017-02-06,112.3200,20052.42
2017-02-07,112.1400,20090.29
2017-02-08,111.7400,20054.34
2017-02-09,113.2400,20172.40
2017-02-10,113.2200,20269.37
2017-02-13,113.7900,20412.16
2017-02-14,114.3400,20504.41
2017-02-15,114.1700,20611.86
2017-02-16,113.3600,20619.77
2017-02-17,112.8600,20624.05
2017-02-20,.,.
2017-02-21,113.4800,20743.00
2017-02-22,113.4600,20775.60
2017-02-23,112.6800,20810.32
2017-02-24,112.2600,20821.76
2017-02-27,112.0100,20837.44
2017-02-28,112.0600,20812.24
2017-03-01,113.6600,21115.55
2017-03-02,114.4500,21002.97
2017-03-03,114.6000,21005.71
2017-03-06,113.9200,20954.34
2017-03-07,113.9900,20924.76
2017-03-08,114.5800,20855.73
2017-03-09,114.7100,20858.19
2017-03-10,115.0200,20902.98
2017-03-13,114.6100,20881.48
2017-03-14,114.6300,20837.37
2017-03-15,114.6600,20950.10
2017-03-16,113.0200,20934.55
2017-03-17,112.6700,20914.62
2017-03-20,112.5900,20905.86
2017-03-21,111.9000,20668.01
2017-03-22,111.0600,20661.30
2017-03-23,111.1200,20656.58
2017-03-24,111.0300,20596.72
2017-03-27,110.4800,20550.98
2017-03-28,110.5600,20701.50
2017-03-29,111.0500,20659.32
2017-03-30,111.3600,20728.49
2017-03-31,111.4100,20663.22
2017-04-03,110.9600,20650.21
2017-04-04,110.7400,20689.24
2017-04-05,111.2000,20648.15
2017-04-06,111.0200,20662.95
2017-04-07,110.7600,20656.10
2017-04-10,110.9500,20658.02
2017-04-11,109.7400,20651.30
2017-04-12,109.5400,20591.86
2017-04-13,109.2300,20453.25
2017-04-14,108.6300,.
2017-04-17,108.4600,20636.92
2017-04-18,108.4000,20523.28
2017-04-19,109.0600,20404.49
2017-04-20,109.3400,20578.71
2017-04-21,109.0800,20547.76
2017-04-24,109.7400,20763.89
2017-04-25,110.8800,20996.12
2017-04-26,111.5200,20975.09
2017-04-27,111.1300,20981.33
2017-04-28,111.4400,20940.51
2017-05-01,111.7800,20913.46
2017-05-02,112.0600,20949.89
2017-05-03,112.3400,20957.90
2017-05-04,112.7000,20951.47
2017-05-05,112.6300,21006.94
2017-05-08,112.8400,21012.28
2017-05-09,114.1900,20975.78
2017-05-10,114.0200,20943.11
2017-05-11,113.7700,20919.42
2017-05-12,113.3000,20896.61
2017-05-15,113.5400,20981.94
2017-05-16,113.2400,20979.75
2017-05-17,111.4600,20606.93
2017-05-18,110.8200,20663.02
2017-05-19,111.4700,20804.84
2017-05-22,111.1500,20894.83
2017-05-23,111.6400,20937.91
2017-05-24,112.0200,21012.42
2017-05-25,111.7000,21082.95
2017-05-26,111.3000,21080.28
2017-05-29,.,.
2017-05-30,110.6800,21029.47
2017-05-31,110.7100,21008.65
2017-06-01,111.2400,21144.18
2017-06-02,110.4900,21206.29
2017-06-05,110.4900,21184.04
2017-06-06,109.3400,21136.23
2017-06-07,109.5400,21173.69
2017-06-08,110.1000,21182.53
2017-06-09,110.6100,21271.97
2017-06-12,109.7200,21235.67
2017-06-13,110.1200,21328.47
2017-06-14,109.1600,21374.56
2017-06-15,110.6600,21359.90
2017-06-16,110.8400,21384.28
2017-06-19,111.3400,21528.99
2017-06-20,111.4600,21467.14
2017-06-21,111.5800,21410.03
2017-06-22,111.3600,21397.29
2017-06-23,111.2600,21394.76
2017-06-26,111.4800,21409.55
2017-06-27,112.4200,21310.66
2017-06-28,112.1800,21454.61
2017-06-29,112.3200,21287.03
2017-06-30,112.4000,21349.63
2017-07-03,113.3200,21479.27
2017-07-04,.,.
2017-07-05,113.2000,21478.17
2017-07-06,113.2800,21320.04
2017-07-07,114.1000,21414.34
2017-07-10,114.0800,21408.52
2017-07-11,114.2000,21409.07
2017-07-12,113.1900,21532.14
2017-07-13,113.3900,21553.09
2017-07-14,112.6600,21637.74
2017-07-17,112.7600,21629.72
2017-07-18,111.8900,21574.73
2017-07-19,111.7700,21640.75
2017-07-20,111.6800,21611.78
2017-07-21,111.1800,21580.07
2017-07-24,111.1000,21513.17
2017-07-25,111.5700,21613.43
2017-07-26,112.1000,21711.01
2017-07-27,111.6200,21796.55
2017-07-28,110.8700,21830.31
2017-07-31,110.3800,21891.12
2017-08-01,110.3300,21963.92
2017-08-02,110.4300,22016.24
2017-08-03,110.1200,22026.10
2017-08-04,110.7600,22092.81
2017-08-07,110.7600,22118.42
2017-08-08,110.7400,22085.34
2017-08-09,110.0400,22048.70
2017-08-10,109.3700,21844.01
2017-08-11,109.0600,21858.32
2017-08-14,109.4800,21993.71
2017-08-15,110.4200,21998.99
2017-08-16,110.8000,22024.87
2017-08-17,109.8800,21750.73
2017-08-18,109.3200,21674.51
2017-08-21,108.8900,21703.75
2017-08-22,109.4000,21899.89
2017-08-23,109.1400,21812.09
2017-08-24,109.3400,21783.40
2017-08-25,109.2400,21813.67
2017-08-28,109.2200,21808.40
2017-08-29,109.0200,21865.37
2017-08-30,110.2000,21892.43
2017-08-31,110.0600,21948.10
2017-09-01,110.0900,21987.56
2017-09-04,.,.
2017-09-05,108.9400,21753.31
2017-09-06,108.7500,21807.64
2017-09-07,108.2600,21784.78
2017-09-08,107.7200,21797.79
2017-09-11,109.0300,22057.37
2017-09-12,110.0100,22118.86
2017-09-13,110.5800,22158.18
2017-09-14,110.6600,22203.48
2017-09-15,110.8400,22268.34
2017-09-18,111.4800,22331.35
2017-09-19,111.4900,22370.80
2017-09-20,111.5000,22412.59
2017-09-21,112.3000,22359.23
2017-09-22,112.0100,22349.59
2017-09-25,111.6400,22296.09
2017-09-26,112.1600,22284.32
2017-09-27,112.7600,22340.71
2017-09-28,112.6600,22381.20
2017-09-29,112.6400,22405.09
2017-10-02,112.6000,22557.60
2017-10-03,112.8000,22641.67
2017-10-04,112.8400,22661.64
2017-10-05,112.7400,22775.39
2017-10-06,112.6800,22773.67
2017-10-09,.,22761.07
2017-10-10,112.1500,22830.68
2017-10-11,112.3500,22872.89
2017-10-12,112.3800,22841.01
2017-10-13,111.9400,22871.72
2017-10-16,111.7200,22956.96
2017-10-17,112.3200,22997.44
2017-10-18,112.9400,23157.60
2017-10-19,112.5400,23163.04
2017-10-20,113.5000,23328.63
2017-10-23,113.6600,23273.96
2017-10-24,113.9200,23441.76
2017-10-25,113.7000,23329.46
2017-10-26,113.7200,23400.86
2017-10-27,113.8200,23434.19
2017-10-30,113.2600,23348.74
2017-10-31,113.6300,23377.24
2017-11-01,114.0400,23435.01
2017-11-02,113.8400,23516.26
2017-11-03,114.2500,23539.19
2017-11-06,113.9000,23548.42
2017-11-07,113.9000,23557.23
2017-11-08,113.6200,23563.36
2017-11-09,113.4000,23461.94
2017-11-10,.,23422.21
2017-11-13,113.6200,23439.70
2017-11-14,113.5000,23409.47
2017-11-15,113.1500,23271.28
2017-11-16,112.8900,23458.36
2017-11-17,111.9800,23358.24
2017-11-20,112.4900,23430.33
2017-11-21,112.4600,23590.83
2017-11-22,111.6200,23526.18
2017-11-23,.,.
2017-11-24,111.5400,23557.99
2017-11-27,111.0000,23580.78
2017-11-28,111.1300,23836.71
2017-11-29,111.7500,23940.68
2017-11-30,112.3000,24272.35
2017-12-01,111.8800,24231.59
2017-12-04,112.8000,24290.05
2017-12-05,112.7600,24180.64
2017-12-06,112.3200,24140.91
2017-12-07,112.7000,24211.48
2017-12-08,113.5500,24329.16
2017-12-11,113.3400,24386.03
2017-12-12,113.6200,24504.80
2017-12-13,113.1900,24585.43
2017-12-14,112.5600,24508.66
2017-12-15,112.6800,24651.74
2017-12-18,112.4000,24792.20
2017-12-19,112.9800,24754.75
2017-12-20,113.2900,24726.65
2017-12-21,113.4200,24782.29
2017-12-22,113.3000,24754.06
2017-12-25,.,.
2017-12-26,113.2000,24746.21
2017-12-27,113.2800,24774.30
2017-12-28,112.8500,24837.51
2017-12-29,112.6900,24719.22
2018-01-01,.,.
2018-01-02,112.1800,24824.01
2018-01-03,112.2800,24922.68
2018-01-04,112.7800,25075.13
2018-01-05,113.1800,25295.87
2018-01-08,113.0800,25283.00
2018-01-09,112.5700,25385.80
2018-01-10,111.4800,25369.13
2018-01-11,111.3500,25574.73
2018-01-12,111.2300,25803.19
2018-01-15,.,.
2018-01-16,110.7400,25792.86
2018-01-17,110.8100,26115.65
2018-01-18,110.8800,26017.81
2018-01-19,110.5600,26071.72
2018-01-22,111.1500,26214.60
2018-01-23,110.4600,26210.81
2018-01-24,109.1500,26252.12
2018-01-25,108.7000,26392.79
2018-01-26,108.3800,26616.71
2018-01-29,109.1200,26439.48
2018-01-30,108.9000,26076.89
2018-01-31,109.3100,26149.39
2018-02-01,109.5000,26186.71
2018-02-02,110.4000,25520.96
2018-02-05,110.0900,24345.75
2018-02-06,109.1800,24912.77
2018-02-07,109.5300,24893.35
2018-02-08,109.0000,23860.46
2018-02-09,108.4400,24190.90
2018-02-12,108.7200,24601.27
2018-02-13,107.5900,24640.45
2018-02-14,107.0000,24893.49
2018-02-15,106.3600,25200.37
2018-02-16,106.1000,25219.38
2018-02-19,.,.
2018-02-20,107.2300,24964.75
2018-02-21,107.6400,24797.78
2018-02-22,106.9600,24962.48
2018-02-23,106.6400,25309.99
2018-02-26,106.96,25709.27
2018-02-27,107.47,25410.03
2018-02-28,106.62,25029.20
2018-03-01,106.91,24608.98
2018-03-02,105.65,24538.06
2018-03-05,105.97,24874.76
2018-03-06,106.03,24884.12
2018-03-07,105.94,24801.36
2018-03-08,106.08,24895.21
2018-03-09,106.74,25335.74
2018-03-12,106.52,25178.61
2018-03-13,106.64,25007.03
2018-03-14,106.17,24758.12
2018-03-15,106.07,24873.66
2018-03-16,106.1,24946.51
2018-03-19,105.83,24610.91
2018-03-20,106.42,24727.27
2018-03-21,106.3,24682.31
2018-03-22,105.34,23957.89
2018-03-23,104.83,23533.20
2018-03-26,105.0,24202.60
2018-03-27,105.72,23857.71
2018-03-28,106.3,23848.42
2018-03-29,106.27,24103.11
2018-03-30,106.2,.
2018-04-02,105.99,23644.19
2018-04-03,106.45,24033.36
2018-04-04,106.56,24264.30
2018-04-05,107.48,24505.22
2018-04-06,107.03,23932.76
2018-04-09,107.06,23979.10
2018-04-10,107.3,24408.00
2018-04-11,106.78,24189.45
2018-04-12,107.3,24483.05
2018-04-13,107.52,24360.14
2018-04-16,107.26,24573.04
2018-04-17,107.09,24786.63
2018-04-18,107.26,24748.07
2018-04-19,107.42,24664.89
2018-04-20,107.6,24462.94
2018-04-23,108.62,24448.69
2018-04-24,109.03,24024.13
2018-04-25,109.33,24083.83
2018-04-26,109.3,24322.34
2018-04-27,109.12,24311.19
2018-04-30,109.28,24163.15
2018-05-01,109.69,24099.05
2018-05-02,109.89,23924.98
2018-05-03,109.06,23930.15
2018-05-04,109.16,24262.51
2018-05-07,109.14,24357.32
2018-05-08,109.16,24360.21
2018-05-09,109.68,24542.54
2018-05-10,109.53,24739.53
2018-05-11,109.26,24831.17
2018-05-14,109.52,24899.41
2018-05-15,110.25,24706.41
2018-05-16,110.22,24768.93
2018-05-17,110.76,24713.98
2018-05-18,110.71,24715.09
2018-05-21,111.08,25013.29
2018-05-22,110.94,24834.41
2018-05-23,110.05,24886.81
2018-05-24,109.3,24811.76
2018-05-25,109.35,24753.09
2018-05-28,.,.
2018-05-29,108.62,24361.45
2018-05-30,109.04,24667.78
2018-05-31,108.73,24415.84
2018-06-01,109.49,24635.21
2018-06-04,109.66,24813.69
2018-06-05,109.63,24799.98
2018-06-06,110.0,25146.39
2018-06-07,109.92,25241.41
2018-06-08,109.45,25316.53
2018-06-11,109.94,25322.31
2018-06-12,110.22,25320.73
2018-06-13,110.41,25201.20
2018-06-14,110.44,25175.31
2018-06-15,110.58,25090.48
2018-06-18,110.44,24987.47
2018-06-19,110.02,24700.21
2018-06-20,110.14,24657.80
2018-06-21,110.05,24461.70
2018-06-22,109.98,24580.89
2018-06-25,109.62,24252.80
2018-06-26,109.92,24283.11
2018-06-27,110.34,24117.59
2018-06-28,110.38,24216.05
2018-06-29,110.71,24271.41
2018-07-02,110.73,24307.18
2018-07-03,110.54,24174.82
2018-07-04,.,.
2018-07-05,110.59,24356.74
2018-07-06,110.48,24456.48
2018-07-09,110.78,24776.59
2018-07-10,111.24,24919.66
2018-07-11,111.52,24700.45
2018-07-12,112.41,24924.89
2018-07-13,112.38,25019.41
2018-07-16,112.29,25064.36
2018-07-17,112.79,25119.89
2018-07-18,112.82,25199.29
2018-07-19,112.98,25064.50
2018-07-20,111.74,25058.12
2018-07-23,111.36,25044.29
2018-07-24,111.27,25241.94
2018-07-25,111.02,25414.10
2018-07-26,111.2,25527.07
2018-07-27,110.94,25451.06
2018-07-30,110.98,25306.83
2018-07-31,111.88,25415.19
2018-08-01,111.72,25333.82
2018-08-02,111.48,25326.16
2018-08-03,111.12,25462.58
2018-08-06,111.43,25502.18
2018-08-07,111.19,25628.91
2018-08-08,110.96,25583.75
2018-08-09,110.9,25509.23
2018-08-10,110.66,25313.14
2018-08-13,110.65,25187.70
2018-08-14,110.92,25299.92
2018-08-15,110.62,25162.41
2018-08-16,110.89,25558.73
2018-08-17,110.54,25669.32
2018-08-20,110.38,25758.69
2018-08-21,110.48,25822.29
2018-08-22,110.54,25733.60
2018-08-23,111.14,25656.98
2018-08-24,111.22,25790.35
2018-08-27,111.09,26049.64
2018-08-28,111.04,26064.02
2018-08-29,111.8,26124.57
2018-08-30,111.17,25986.92
2018-08-31,110.98,25964.82
2018-09-03,.,.
2018-09-04,111.44,25952.48
2018-09-05,111.47,25974.99
2018-09-06,110.87,25995.87
2018-09-07,111.18,25916.54
2018-09-10,111.09,25857.07
2018-09-11,111.54,25971.06
2018-09-12,111.29,25998.92
2018-09-13,111.92,26145.99
2018-09-14,112.09,26154.67
2018-09-17,111.97,26062.12
2018-09-18,112.3,26246.96
2018-09-19,112.21,26405.76
2018-09-20,112.58,26656.98
2018-09-21,112.62,26743.50
2018-09-24,112.62,26562.05
2018-09-25,112.88,26492.21
2018-09-26,112.92,26385.28
2018-09-27,113.38,26439.93
2018-09-28,113.48,26458.31
2018-10-01,113.96,26651.21
2018-10-02,113.66,26773.94
2018-10-03,114.19,26828.39
2018-10-04,113.79,26627.48
2018-10-05,113.56,26447.05
2018-10-08,.,.
2018-10-09,113.13,26430.57
2018-10-10,112.71,25598.74
2018-10-11,112.26,25052.83
2018-10-12,112.02,25339.99
2018-10-15,111.82,25250.55
2018-10-16,112.16,25798.42
2018-10-17,112.21,25706.68
2018-10-18,112.11,25379.45
2018-10-19,112.52,25444.34
2018-10-22,112.78,25317.41
2018-10-23,112.12,25191.43
2018-10-24,112.58,24583.42
2018-10-25,112.54,24984.55
2018-10-26,111.65,24688.31
2018-10-29,112.49,24442.92
2018-10-30,112.76,24874.64
2018-10-31,112.86,25115.76
2018-11-01,112.79,25380.74
2018-11-02,113.09,25270.83
2018-11-05,113.22,25461.70
2018-11-06,113.38,25635.01
2018-11-07,113.32,26180.30
2018-11-08,113.87,26191.22
2018-11-09,113.77,25989.30
2018-11-12,.,.
2018-11-13,113.97,25286.49
2018-11-14,113.7,25080.50
2018-11-15,113.46,25289.27
2018-11-16,112.76,25413.22
2018-11-19,112.54,25017.44
2018-11-20,112.66,24465.64
2018-11-21,113.06,24464.69
2018-11-22,.,.
2018-11-23,112.83,24285.95
2018-11-26,113.58,24640.24
2018-11-27,113.84,24748.73
2018-11-28,113.96,25366.43
2018-11-29,113.42,25338.84
2018-11-30,113.54,25538.46
2018-12-03,113.54,25826.43
2018-12-04,112.93,25027.07
2018-12-05,.,.
2018-12-06,112.46,24947.67
2018-12-07,112.6,24388.95
2018-12-10,112.96,24423.26
2018-12-11,113.41,24370.24
2018-12-12,113.28,24527.27
2018-12-13,113.66,24597.38
2018-12-14,113.35,24100.51
2018-12-17,112.96,23592.98
2018-12-18,112.54,23675.64
2018-12-19,112.15,23323.66
2018-12-20,111.34,22859.60
2018-12-21,111.14,22445.37
2018-12-24,.,21792.20
2018-12-25,.,.
2018-12-26,110.45,22878.45
2018-12-27,110.78,23138.82
2018-12-28,110.34,23062.40
2018-12-31,109.7,23327.46
2019-01-01,.,.
2019-01-02,109.22,23346.24
2019-01-03,108.07,22686.22
2019-01-04,108.29,23433.16
2019-01-07,108.62,23531.35
2019-01-08,108.57,23787.45
2019-01-09,108.38,23879.12
2019-01-10,108.29,24001.92
2019-01-11,108.34,23995.95
2019-01-14,.,23909.84
2019-01-15,108.72,24065.59
2019-01-16,108.84,24207.16
2019-01-17,109.01,24370.10
2019-01-18,109.79,24706.35
2019-01-21,.,.
2019-01-22,109.34,24404.48
2019-01-23,109.44,24575.62
2019-01-24,109.72,24553.24
2019-01-25,109.6,24737.20
2019-01-28,109.2,24528.22
2019-01-29,109.36,24579.96
2019-01-30,109.57,25014.86
2019-01-31,108.84,24999.67
2019-02-01,109.55,25063.89
2019-02-04,109.96,25239.37
2019-02-05,109.99,25411.52
2019-02-06,109.75,25390.30
2019-02-07,109.7,25169.53
2019-02-08,109.76,25106.33
2019-02-11,110.4,25053.11
2019-02-12,110.5,25425.76
2019-02-13,110.86,25543.27
2019-02-14,110.68,25439.39
2019-02-15,110.54,25883.25
2019-02-18,.,.
2019-02-19,110.68,25891.32
2019-02-20,.,25954.44
2019-02-21,110.72,25850.63
2019-02-22,110.7,26031.81
2019-02-25,111.07,26091.95
2019-02-26,110.76,26057.98
2019-02-27,110.92,25985.16
2019-02-28,111.38,25916.00
2019-03-01,111.89,26026.32
2019-03-04,111.68,25819.65
2019-03-05,111.98,25806.63
2019-03-06,111.66,25673.46
2019-03-07,111.6,25473.23
2019-03-08,111.11,25450.24
2019-03-11,111.21,25650.88
2019-03-12,111.38,25554.66
2019-03-13,111.23,25702.89
2019-03-14,111.71,25709.94
2019-03-15,111.57,25848.87
2019-03-18,111.41,25914.10
2019-03-19,111.38,25887.38
2019-03-20,111.41,25745.67
2019-03-21,110.86,25962.51
2019-03-22,109.76,25502.32
2019-03-25,110.09,25516.83
2019-03-26,110.5,25657.73
2019-03-27,110.38,25625.59
2019-03-28,110.54,25717.46
2019-03-29,110.68,25928.68
2019-04-01,111.29,26258.42
2019-04-02,111.32,26179.13
2019-04-03,111.48,26218.13
2019-04-04,111.55,26384.63
2019-04-05,111.71,26424.99
2019-04-08,111.47,26341.02
2019-04-09,111.08,26150.58
2019-04-10,110.92,26157.16
2019-04-11,111.48,26143.05
2019-04-12,112.0,26412.30
2019-04-15,112.0,26384.77
2019-04-16,111.95,26452.66
2019-04-17,112.0,26449.54
2019-04-18,111.94,26559.54
2019-04-19,111.92,.
2019-04-22,111.94,26511.05
2019-04-23,111.86,26656.39
2019-04-24,111.81,26597.05
2019-04-25,111.59,26462.08
2019-04-26,111.6,26543.33
2019-04-29,111.8,26554.39
2019-04-30,111.4,26592.91
2019-05-01,111.18,26430.14
2019-05-02,111.39,26307.79
2019-05-03,111.28,26504.95
2019-05-06,110.86,26438.48
2019-05-07,110.34,25965.09
2019-05-08,110.12,25967.33
2019-05-09,109.55,25828.36
2019-05-10,109.56,25942.37
2019-05-13,109.18,25324.99
2019-05-14,109.68,25532.05
2019-05-15,109.58,25648.02
2019-05-16,109.89,25862.68
2019-05-17,109.9,25764.00
2019-05-20,109.96,25679.90
2019-05-21,110.6,25877.33
2019-05-22,110.28,25776.61
2019-05-23,109.58,25490.47
2019-05-24,109.38,25585.69
2019-05-27,.,.
2019-05-28,109.49,25347.77
2019-05-29,109.24,25126.41
2019-05-30,109.67,25169.88
2019-05-31,108.66,24815.04
2019-06-03,108.39,24819.78
2019-06-04,108.3,25332.18
2019-06-05,108.2,25539.57
2019-06-06,108.08,25720.66
2019-06-07,108.15,25983.94
2019-06-10,108.56,26062.68
2019-06-11,108.52,26048.51
2019-06-12,108.42,26004.83
2019-06-13,108.44,26106.77
2019-06-14,108.44,26089.61
2019-06-17,108.56,26112.53
2019-06-18,108.39,26465.54
2019-06-19,108.36,26504.00
2019-06-20,107.52,26753.17
2019-06-21,107.55,26719.13
2019-06-24,107.36,26727.54
2019-06-25,106.92,26548.22
2019-06-26,107.64,26536.82
2019-06-27,107.73,26526.58
2019-06-28,107.84,26599.96
2019-07-01,108.42,26717.43
2019-07-02,107.98,26786.68
2019-07-03,107.84,26966.00
2019-07-04,.,.
2019-07-05,108.55,26922.12
2019-07-08,108.72,26806.14
2019-07-09,108.78,26783.49
2019-07-10,108.44,26860.20
2019-07-11,108.29,27088.08
2019-07-12,108.0,27332.03
2019-07-15,107.89,27359.16
2019-07-16,108.35,27335.63
2019-07-17,108.1,27219.85
2019-07-18,107.74,27222.97
2019-07-19,107.78,27154.20
2019-07-22,107.91,27171.90
2019-07-23,108.06,27349.19
2019-07-24,108.08,27269.97
2019-07-25,108.58,27140.98
2019-07-26,108.69,27192.45
2019-07-29,108.86,27221.35
2019-07-30,108.66,27198.02
2019-07-31,108.58,26864.27
2019-08-01,108.28,26583.42
2019-08-02,106.64,26485.01
2019-08-05,106.02,25717.74
2019-08-06,106.45,26029.52
2019-08-07,105.62,26007.07
2019-08-08,106.04,26378.19
2019-08-09,105.3,26287.44
2019-08-12,105.38,25897.71
2019-08-13,106.6,26279.91
2019-08-14,105.79,25479.42
2019-08-15,106.12,25579.39
2019-08-16,106.34,25886.01
2019-08-19,106.5,26135.79
2019-08-20,106.35,25962.44
2019-08-21,106.52,26202.73
2019-08-22,106.44,26252.24
2019-08-23,105.3,25628.90
2019-08-26,106.0,25898.83
2019-08-27,105.8,25777.90
2019-08-28,105.86,26036.10
2019-08-29,106.5,26362.25
2019-08-30,106.3,26403.28
2019-09-02,.,.
2019-09-03,105.88,26118.02
2019-09-04,106.28,26355.47
2019-09-05,106.96,26728.15
2019-09-06,106.8,26797.46
2019-09-09,107.14,26835.51
2019-09-10,107.34,26909.43
2019-09-11,107.73,27137.04
2019-09-12,107.97,27182.45
2019-09-13,108.12,27219.52
2019-09-16,107.94,27076.82
2019-09-17,108.12,27110.80
2019-09-18,108.17,27147.08
2019-09-19,108.0,27094.79
2019-09-20,107.95,26935.07
2019-09-23,107.47,26949.99
2019-09-24,107.32,26807.77
2019-09-25,107.78,26970.71
2019-09-26,107.67,26891.12
2019-09-27,108.05,26820.25
2019-09-30,108.11,26916.83
2019-10-01,107.7,26573.04
2019-10-02,107.21,26078.62
2019-10-03,106.76,26201.04
2019-10-04,106.91,26573.72
2019-10-07,107.06,26478.02
2019-10-08,107.06,26164.04
2019-10-09,107.43,26346.01
2019-10-10,107.91,26496.67
2019-10-11,108.52,26816.59
2019-10-14,.,26787.36
2019-10-15,108.83,27024.80
2019-10-16,108.71,27001.98
2019-10-17,108.51,27025.88
2019-10-18,108.44,26770.20
2019-10-21,108.57,26827.64
2019-10-22,108.56,26788.10
2019-10-23,108.64,26833.95
2019-10-24,108.62,26805.53
2019-10-25,108.75,26958.06
2019-10-28,109.02,27090.72
2019-10-29,108.83,27071.42
2019-10-30,108.88,27186.69
2019-10-31,108.09,27046.23
2019-11-01,108.16,27347.36
2019-11-04,108.56,27462.11
2019-11-05,109.13,27492.63
2019-11-06,108.86,27492.56
2019-11-07,109.42,27674.80
2019-11-08,109.14,27681.24
2019-11-11,.,27691.49
2019-11-12,109.09,27691.49
2019-11-13,108.83,27783.59
2019-11-14,108.33,27781.96
2019-11-15,108.8,28004.89
2019-11-18,108.61,28036.22
2019-11-19,108.59,27934.02
2019-11-20,108.67,27821.09
2019-11-21,108.53,27766.29
2019-11-22,108.67,27875.62
2019-11-25,108.95,28066.47
2019-11-26,109.11,28121.68
2019-11-27,109.38,28164.00
2019-11-28,.,.
2019-11-29,109.47,28051.41
2019-12-02,109.09,27783.04
2019-12-03,108.53,27502.81
2019-12-04,108.87,27649.78
2019-12-05,108.69,27677.79
2019-12-06,108.66,28015.06
2019-12-09,108.59,27909.60
2019-12-10,108.73,27881.72
2019-12-11,108.67,27911.30
2019-12-12,109.16,28132.05
2019-12-13,109.28,28135.38
2019-12-16,109.64,28235.89
2019-12-17,109.52,28267.16
2019-12-18,109.58,28239.28
2019-12-19,109.23,28376.96
2019-12-20,109.45,28455.09
2019-12-23,109.39,28551.53
2019-12-24,109.38,28515.45
2019-12-25,.,.
2019-12-26,109.67,28621.39
2019-12-27,109.47,28645.26
2019-12-30,108.85,28462.14
2019-12-31,108.67,28538.44
2020-01-01,.,.
2020-01-02,108.43,28868.80
2020-01-03,107.94,28634.88
2020-01-06,108.36,28703.38
2020-01-07,108.53,28583.68
2020-01-08,109.03,28745.09
2020-01-09,109.47,28956.90
2020-01-10,109.5,28823.77
2020-01-13,109.93,28907.05
2020-01-14,110.05,28939.67
2020-01-15,109.94,29030.22
2020-01-16,110.16,29297.64
2020-01-17,110.16,29348.10
2020-01-20,.,.
2020-01-21,109.95,29196.04
2020-01-22,109.93,29186.27
2020-01-23,109.39,29160.09
2020-01-24,109.31,28989.73
2020-01-27,108.95,28535.80
2020-01-28,109.17,28722.85
2020-01-29,109.15,28734.45
2020-01-30,108.75,28859.44
2020-01-31,108.5,28256.03
2020-02-03,108.59,28399.81
2020-02-04,109.41,28807.63
2020-02-05,109.74,29290.85
2020-02-06,109.89,29379.77
2020-02-07,109.81,29102.51
2020-02-10,109.77,29276.82
2020-02-11,109.78,29276.34
2020-02-12,110.0,29551.42
2020-02-13,109.81,29423.31
2020-02-14,109.77,29398.08
2020-02-17,.,.
2020-02-18,109.8,29232.19
2020-02-19,111.17,29348.03
2020-02-20,111.86,29219.98
2020-02-21,111.74,28992.41
2020-02-24,110.56,27960.80
2020-02-25,110.23,27081.36
2020-02-26,110.36,26957.59
2020-02-27,110.15,25766.64
2020-02-28,108.12,25409.36
2020-03-02,108.02,26703.32
2020-03-03,107.28,25917.41
2020-03-04,107.34,27090.86
2020-03-05,106.56,26121.28
2020-03-06,105.31,25864.78
2020-03-09,102.52,23851.02
2020-03-10,103.71,25018.16
2020-03-11,104.81,23553.22
2020-03-12,105.67,21200.62
2020-03-13,107.15,23185.62
2020-03-16,105.64,20188.52
2020-03-17,107.41,21237.38
2020-03-18,108.45,19898.92
2020-03-19,110.08,20087.19
2020-03-20,111.3,19173.98
2020-03-23,111.36,18591.93
2020-03-24,111.44,20704.91
2020-03-25,111.43,21200.55
2020-03-26,109.45,22552.17
2020-03-27,108.16,21636.78
2020-03-30,108.06,22327.48
2020-03-31,107.53,21917.16
2020-04-01,107.05,20943.51
2020-04-02,107.85,21413.44
2020-04-03,108.53,21052.53
2020-04-06,109.11,22679.99
2020-04-07,108.97,22653.86
2020-04-08,108.7,23433.57
2020-04-09,108.38,23719.37
2020-04-10,108.39,.
2020-04-13,107.59,23390.77
2020-04-14,107.08,23949.76
2020-04-15,107.42,23504.35
2020-04-16,107.72,23537.68
2020-04-17,107.52,24242.49
2020-04-20,107.69,23650.44
2020-04-21,107.69,23018.88
2020-04-22,107.81,23475.82
2020-04-23,107.65,23515.26
2020-04-24,107.44,23775.27
2020-04-27,107.22,24133.78
2020-04-28,106.83,24101.55
2020-04-29,106.67,24633.86
2020-04-30,106.94,24345.72
2020-05-01,106.76,23723.69
2020-05-04,106.82,23749.76
2020-05-05,106.52,23883.09
2020-05-06,106.07,23664.64
2020-05-07,106.36,23875.89
2020-05-08,106.5,24331.32
2020-05-11,107.7,24221.99
2020-05-12,107.33,23764.78
2020-05-13,106.92,23247.97
2020-05-14,107.09,23625.34
2020-05-15,107.27,23685.42
2020-05-18,107.25,24597.37
2020-05-19,107.89,24206.86
2020-05-20,107.46,24575.90
2020-05-21,107.69,24474.12
2020-05-22,107.5,24465.16
2020-05-25,.,.
2020-05-26,107.64,24995.11
2020-05-27,107.79,25548.27
2020-05-28,107.67,25400.64
2020-05-29,107.77,25383.11
2020-06-01,107.56,25475.02
2020-06-02,108.6,25742.65
2020-06-03,108.88,26269.89
2020-06-04,109.0,26281.82
2020-06-05,109.68,27110.98
2020-06-08,108.46,27572.44
2020-06-09,107.66,27272.30
2020-06-10,107.25,26989.99
2020-06-11,106.67,25128.17
2020-06-12,107.36,25605.54
2020-06-15,.,25763.16
2020-06-16,.,26289.98
2020-06-17,.,26119.61
